#timebase=40000000(ps),#voltbase=1000000(uV)

2.00000E-07,3320.000
4.00000E-07,3320.000
6.00000E-07,3240.000
8.00000E-07,3240.000
1.00000E-06,3280.000
1.20000E-06,3240.000
1.40000E-06,3240.000
1.60000E-06,3280.000
1.80000E-06,3200.000
2.00000E-06,3240.000
2.20000E-06,3280.000
2.40000E-06,3240.000
2.60000E-06,3240.000
2.80000E-06,3280.000
3.00000E-06,3240.000
3.20000E-06,3200.000
3.40000E-06,3240.000
3.60000E-06,3280.000
3.80000E-06,3280.000
4.00000E-06,3280.000
4.20000E-06,3280.000
4.40000E-06,3280.000
4.60000E-06,3280.000
4.80000E-06,3280.000
5.00000E-06,3280.000
5.20000E-06,3280.000
5.40000E-06,3280.000
5.60000E-06,3320.000
5.80000E-06,3280.000
6.00000E-06,3280.000
6.20000E-06,3280.000
6.40000E-06,3320.000
6.60000E-06,3240.000
6.80000E-06,3280.000
7.00000E-06,3240.000
7.20000E-06,3280.000
7.40000E-06,3280.000
7.60000E-06,3240.000
7.80000E-06,3320.000
8.00000E-06,3280.000
8.20000E-06,3240.000
8.40000E-06,3280.000
8.60000E-06,3320.000
8.80000E-06,3320.000
9.00000E-06,3320.000
9.20000E-06,3280.000
9.40000E-06,3240.000
9.60000E-06,3240.000
9.80000E-06,3280.000
1.00000E-05,3240.000
1.02000E-05,3280.000
1.04000E-05,3280.000
1.06000E-05,3280.000
1.08000E-05,3280.000
1.10000E-05,3240.000
1.12000E-05,3320.000
1.14000E-05,3280.000
1.16000E-05,3200.000
1.18000E-05,3280.000
1.20000E-05,3280.000
1.22000E-05,3320.000
1.24000E-05,3280.000
1.26000E-05,3240.000
1.28000E-05,3280.000
1.30000E-05,3280.000
1.32000E-05,3320.000
1.34000E-05,3240.000
1.36000E-05,3240.000
1.38000E-05,3240.000
1.40000E-05,3320.000
1.42000E-05,3280.000
1.44000E-05,3320.000
1.46000E-05,3240.000
1.48000E-05,3240.000
1.50000E-05,3280.000
1.52000E-05,3320.000
1.54000E-05,3320.000
1.56000E-05,3320.000
1.58000E-05,3240.000
1.60000E-05,3280.000
1.62000E-05,3280.000
1.64000E-05,3240.000
1.66000E-05,3320.000
1.68000E-05,3280.000
1.70000E-05,3240.000
1.72000E-05,3280.000
1.74000E-05,3320.000
1.76000E-05,3240.000
1.78000E-05,3240.000
1.80000E-05,3280.000
1.82000E-05,3320.000
1.84000E-05,3240.000
1.86000E-05,3240.000
1.88000E-05,3280.000
1.90000E-05,3280.000
1.92000E-05,3280.000
1.94000E-05,3280.000
1.96000E-05,3280.000
1.98000E-05,3320.000
2.00000E-05,3280.000
2.02000E-05,3320.000
2.04000E-05,3320.000
2.06000E-05,3320.000
2.08000E-05,3320.000
2.10000E-05,3240.000
2.12000E-05,3280.000
2.14000E-05,3240.000
2.16000E-05,3280.000
2.18000E-05,3320.000
2.20000E-05,3280.000
2.22000E-05,3320.000
2.24000E-05,3240.000
2.26000E-05,3240.000
2.28000E-05,3280.000
2.30000E-05,3240.000
2.32000E-05,3240.000
2.34000E-05,3280.000
2.36000E-05,3240.000
2.38000E-05,3240.000
2.40000E-05,3280.000
2.42000E-05,3240.000
2.44000E-05,3280.000
2.46000E-05,3280.000
2.48000E-05,3320.000
2.50000E-05,3280.000
2.52000E-05,3240.000
2.54000E-05,3280.000
2.56000E-05,3240.000
2.58000E-05,3280.000
2.60000E-05,3280.000
2.62000E-05,3320.000
2.64000E-05,3280.000
2.66000E-05,3200.000
2.68000E-05,3240.000
2.70000E-05,3240.000
2.72000E-05,3280.000
2.74000E-05,3240.000
2.76000E-05,3280.000
2.78000E-05,3280.000
2.80000E-05,3280.000
2.82000E-05,3320.000
2.84000E-05,3320.000
2.86000E-05,3320.000
2.88000E-05,3320.000
2.90000E-05,3280.000
2.92000E-05,3240.000
2.94000E-05,3240.000
2.96000E-05,3280.000
2.98000E-05,3240.000
3.00000E-05,3200.000
3.02000E-05,3280.000
3.04000E-05,3240.000
3.06000E-05,3280.000
3.08000E-05,3320.000
3.10000E-05,3240.000
3.12000E-05,3280.000
3.14000E-05,3280.000
3.16000E-05,3280.000
3.18000E-05,3200.000
3.20000E-05,3240.000
3.22000E-05,3280.000
3.24000E-05,3280.000
3.26000E-05,3240.000
3.28000E-05,3320.000
3.30000E-05,3240.000
3.32000E-05,3240.000
3.34000E-05,3280.000
3.36000E-05,3200.000
3.38000E-05,3280.000
3.40000E-05,3280.000
3.42000E-05,3320.000
3.44000E-05,3320.000
3.46000E-05,3320.000
3.48000E-05,3280.000
3.50000E-05,3320.000
3.52000E-05,3240.000
3.54000E-05,3240.000
3.56000E-05,3280.000
3.58000E-05,3240.000
3.60000E-05,3280.000
3.62000E-05,3240.000
3.64000E-05,3280.000
3.66000E-05,3320.000
3.68000E-05,3280.000
3.70000E-05,3280.000
3.72000E-05,3240.000
3.74000E-05,3280.000
3.76000E-05,3280.000
3.78000E-05,3280.000
3.80000E-05,3280.000
3.82000E-05,3240.000
3.84000E-05,3320.000
3.86000E-05,3280.000
3.88000E-05,3240.000
3.90000E-05,3240.000
3.92000E-05,3280.000
3.94000E-05,3200.000
3.96000E-05,3240.000
3.98000E-05,3320.000
4.00000E-05,3320.000
4.02000E-05,3240.000
4.04000E-05,3240.000
4.06000E-05,3280.000
4.08000E-05,3320.000
4.10000E-05,3200.000
4.12000E-05,3280.000
4.14000E-05,3280.000
4.16000E-05,3320.000
4.18000E-05,3280.000
4.20000E-05,3240.000
4.22000E-05,3280.000
4.24000E-05,3280.000
4.26000E-05,3280.000
4.28000E-05,3320.000
4.30000E-05,3280.000
4.32000E-05,3320.000
4.34000E-05,3240.000
4.36000E-05,3280.000
4.38000E-05,3240.000
4.40000E-05,3280.000
4.42000E-05,3320.000
4.44000E-05,3280.000
4.46000E-05,3240.000
4.48000E-05,3240.000
4.50000E-05,3240.000
4.52000E-05,3200.000
4.54000E-05,3240.000
4.56000E-05,3280.000
4.58000E-05,3280.000
4.60000E-05,3280.000
4.62000E-05,3280.000
4.64000E-05,3280.000
4.66000E-05,3240.000
4.68000E-05,3280.000
4.70000E-05,3240.000
4.72000E-05,3280.000
4.74000E-05,3280.000
4.76000E-05,3240.000
4.78000E-05,3280.000
4.80000E-05,3240.000
4.82000E-05,3280.000
4.84000E-05,3280.000
4.86000E-05,3240.000
4.88000E-05,3320.000
4.90000E-05,3280.000
4.92000E-05,3240.000
4.94000E-05,3280.000
4.96000E-05,3280.000
4.98000E-05,3240.000
5.00000E-05,3320.000
5.02000E-05,3240.000
5.04000E-05,3240.000
5.06000E-05,3280.000
5.08000E-05,3320.000
5.10000E-05,3280.000
5.12000E-05,3320.000
5.14000E-05,3320.000
5.16000E-05,3240.000
5.18000E-05,3240.000
5.20000E-05,3280.000
5.22000E-05,3240.000
5.24000E-05,3240.000
5.26000E-05,3280.000
5.28000E-05,3240.000
5.30000E-05,3280.000
5.32000E-05,3280.000
5.34000E-05,3320.000
5.36000E-05,3280.000
5.38000E-05,3200.000
5.40000E-05,3280.000
5.42000E-05,3320.000
5.44000E-05,3280.000
5.46000E-05,3280.000
5.48000E-05,3280.000
5.50000E-05,3240.000
5.52000E-05,3320.000
5.54000E-05,3280.000
5.56000E-05,3200.000
5.58000E-05,3280.000
5.60000E-05,3320.000
5.62000E-05,3280.000
5.64000E-05,3280.000
5.66000E-05,3280.000
5.68000E-05,3280.000
5.70000E-05,3240.000
5.72000E-05,3280.000
5.74000E-05,3280.000
5.76000E-05,3320.000
5.78000E-05,3240.000
5.80000E-05,3240.000
5.82000E-05,3280.000
5.84000E-05,3280.000
5.86000E-05,3280.000
5.88000E-05,3280.000
5.90000E-05,3280.000
5.92000E-05,3320.000
5.94000E-05,3280.000
5.96000E-05,3320.000
5.98000E-05,3320.000
6.00000E-05,3320.000
6.02000E-05,3240.000
6.04000E-05,3280.000
6.06000E-05,3280.000
6.08000E-05,3320.000
6.10000E-05,3240.000
6.12000E-05,3240.000
6.14000E-05,3280.000
6.16000E-05,3240.000
6.18000E-05,3240.000
6.20000E-05,3320.000
6.22000E-05,3280.000
6.24000E-05,3280.000
6.26000E-05,3320.000
6.28000E-05,3240.000
6.30000E-05,3280.000
6.32000E-05,3320.000
6.34000E-05,3280.000
6.36000E-05,3280.000
6.38000E-05,3320.000
6.40000E-05,3280.000
6.42000E-05,3240.000
6.44000E-05,3280.000
6.46000E-05,3280.000
6.48000E-05,3280.000
6.50000E-05,3240.000
6.52000E-05,3240.000
6.54000E-05,3280.000
6.56000E-05,3320.000
6.58000E-05,3240.000
6.60000E-05,3280.000
6.62000E-05,3320.000
6.64000E-05,3280.000
6.66000E-05,3280.000
6.68000E-05,3280.000
6.70000E-05,3240.000
6.72000E-05,3280.000
6.74000E-05,3320.000
6.76000E-05,3280.000
6.78000E-05,3240.000
6.80000E-05,3240.000
6.82000E-05,3240.000
6.84000E-05,3200.000
6.86000E-05,3280.000
6.88000E-05,3240.000
6.90000E-05,3240.000
6.92000E-05,3280.000
6.94000E-05,3240.000
6.96000E-05,3280.000
6.98000E-05,3240.000
7.00000E-05,3240.000
7.02000E-05,3280.000
7.04000E-05,3320.000
7.06000E-05,3280.000
7.08000E-05,3240.000
7.10000E-05,3280.000
7.12000E-05,3280.000
7.14000E-05,3320.000
7.16000E-05,3240.000
7.18000E-05,3280.000
7.20000E-05,3280.000
7.22000E-05,3280.000
7.24000E-05,3320.000
7.26000E-05,3240.000
7.28000E-05,3240.000
7.30000E-05,3240.000
7.32000E-05,3320.000
7.34000E-05,3240.000
7.36000E-05,3280.000
7.38000E-05,3320.000
7.40000E-05,3240.000
7.42000E-05,3240.000
7.44000E-05,3280.000
7.46000E-05,3240.000
7.48000E-05,3200.000
7.50000E-05,3240.000
7.52000E-05,3240.000
7.54000E-05,3280.000
7.56000E-05,3280.000
7.58000E-05,3240.000
7.60000E-05,3240.000
7.62000E-05,3280.000
7.64000E-05,3320.000
7.66000E-05,3240.000
7.68000E-05,3240.000
7.70000E-05,3280.000
7.72000E-05,3240.000
7.74000E-05,3280.000
7.76000E-05,3320.000
7.78000E-05,3200.000
7.80000E-05,3240.000
7.82000E-05,3280.000
7.84000E-05,3280.000
7.86000E-05,3320.000
7.88000E-05,3320.000
7.90000E-05,3320.000
7.92000E-05,3240.000
7.94000E-05,3240.000
7.96000E-05,3280.000
7.98000E-05,3240.000
8.00000E-05,3240.000
8.02000E-05,3280.000
8.04000E-05,3280.000
8.06000E-05,3320.000
8.08000E-05,3240.000
8.10000E-05,3200.000
8.12000E-05,3280.000
8.14000E-05,3240.000
8.16000E-05,3280.000
8.18000E-05,3240.000
8.20000E-05,3280.000
8.22000E-05,3240.000
8.24000E-05,3280.000
8.26000E-05,3320.000
8.28000E-05,3280.000
8.30000E-05,3240.000
8.32000E-05,3280.000
8.34000E-05,3240.000
8.36000E-05,3320.000
8.38000E-05,3280.000
8.40000E-05,3280.000
8.42000E-05,3280.000
8.44000E-05,3320.000
8.46000E-05,3280.000
8.48000E-05,3240.000
8.50000E-05,3240.000
8.52000E-05,3320.000
8.54000E-05,3320.000
8.56000E-05,3240.000
8.58000E-05,3280.000
8.60000E-05,3280.000
8.62000E-05,3320.000
8.64000E-05,3240.000
8.66000E-05,3320.000
8.68000E-05,3320.000
8.70000E-05,3240.000
8.72000E-05,3280.000
8.74000E-05,3280.000
8.76000E-05,3280.000
8.78000E-05,3240.000
8.80000E-05,3320.000
8.82000E-05,3240.000
8.84000E-05,3280.000
8.86000E-05,3280.000
8.88000E-05,3280.000
8.90000E-05,3320.000
8.92000E-05,3280.000
8.94000E-05,3240.000
8.96000E-05,3280.000
8.98000E-05,3240.000
9.00000E-05,3280.000
9.02000E-05,3320.000
9.04000E-05,3240.000
9.06000E-05,3200.000
9.08000E-05,3280.000
9.10000E-05,3240.000
9.12000E-05,3280.000
9.14000E-05,3280.000
9.16000E-05,3280.000
9.18000E-05,3280.000
9.20000E-05,3240.000
9.22000E-05,3240.000
9.24000E-05,3280.000
9.26000E-05,3200.000
9.28000E-05,3280.000
9.30000E-05,3280.000
9.32000E-05,3240.000
9.34000E-05,3240.000
9.36000E-05,3320.000
9.38000E-05,3280.000
9.40000E-05,3240.000
9.42000E-05,3280.000
9.44000E-05,3240.000
9.46000E-05,3320.000
9.48000E-05,3280.000
9.50000E-05,3200.000
9.52000E-05,3280.000
9.54000E-05,3200.000
9.56000E-05,3280.000
9.58000E-05,3320.000
9.60000E-05,3320.000
9.62000E-05,3280.000
9.64000E-05,3240.000
9.66000E-05,3280.000
9.68000E-05,3240.000
9.70000E-05,3320.000
9.72000E-05,3280.000
9.74000E-05,3240.000
9.76000E-05,3280.000
9.78000E-05,3240.000
9.80000E-05,3280.000
9.82000E-05,3280.000
9.84000E-05,3320.000
9.86000E-05,3280.000
9.88000E-05,3280.000
9.90000E-05,3240.000
9.92000E-05,3280.000
9.94000E-05,3320.000
9.96000E-05,3280.000
9.98000E-05,3200.000
1.00000E-04,3280.000
1.00200E-04,3280.000
1.00400E-04,3320.000
1.00600E-04,3280.000
1.00800E-04,3320.000
1.01000E-04,3280.000
1.01200E-04,3240.000
1.01400E-04,3240.000
1.01600E-04,3320.000
1.01800E-04,3280.000
1.02000E-04,3280.000
1.02200E-04,3320.000
1.02400E-04,3320.000
1.02600E-04,3280.000
1.02800E-04,3280.000
1.03000E-04,3320.000
1.03200E-04,3280.000
1.03400E-04,3240.000
1.03600E-04,3200.000
1.03800E-04,3280.000
1.04000E-04,3240.000
1.04200E-04,3240.000
1.04400E-04,3280.000
1.04600E-04,3320.000
1.04800E-04,3240.000
1.05000E-04,3240.000
1.05200E-04,3280.000
1.05400E-04,3280.000
1.05600E-04,3320.000
1.05800E-04,3240.000
1.06000E-04,3240.000
1.06200E-04,3280.000
1.06400E-04,3280.000
1.06600E-04,3280.000
1.06800E-04,3320.000
1.07000E-04,3280.000
1.07200E-04,3200.000
1.07400E-04,3280.000
1.07600E-04,3320.000
1.07800E-04,3280.000
1.08000E-04,3280.000
1.08200E-04,3280.000
1.08400E-04,3320.000
1.08600E-04,3240.000
1.08800E-04,3200.000
1.09000E-04,3200.000
1.09200E-04,3240.000
1.09400E-04,3240.000
1.09600E-04,3240.000
1.09800E-04,3280.000
1.10000E-04,3320.000
1.10200E-04,3280.000
1.10400E-04,3200.000
1.10600E-04,3240.000
1.10800E-04,3240.000
1.11000E-04,3200.000
1.11200E-04,3280.000
1.11400E-04,3320.000
1.11600E-04,3320.000
1.11800E-04,3240.000
1.12000E-04,3240.000
1.12200E-04,3240.000
1.12400E-04,3240.000
1.12600E-04,3240.000
1.12800E-04,3280.000
1.13000E-04,3240.000
1.13200E-04,3280.000
1.13400E-04,3240.000
1.13600E-04,3320.000
1.13800E-04,3280.000
1.14000E-04,3280.000
1.14200E-04,3280.000
1.14400E-04,3320.000
1.14600E-04,3280.000
1.14800E-04,3280.000
1.15000E-04,3320.000
1.15200E-04,3280.000
1.15400E-04,3240.000
1.15600E-04,3240.000
1.15800E-04,3240.000
1.16000E-04,3240.000
1.16200E-04,3280.000
1.16400E-04,3320.000
1.16600E-04,3280.000
1.16800E-04,3320.000
1.17000E-04,3320.000
1.17200E-04,3240.000
1.17400E-04,3240.000
1.17600E-04,3280.000
1.17800E-04,3240.000
1.18000E-04,3280.000
1.18200E-04,3280.000
1.18400E-04,3320.000
1.18600E-04,3280.000
1.18800E-04,3280.000
1.19000E-04,3320.000
1.19200E-04,3280.000
1.19400E-04,3240.000
1.19600E-04,3240.000
1.19800E-04,3280.000
1.20000E-04,3320.000
1.20200E-04,3280.000
1.20400E-04,3200.000
1.20600E-04,3280.000
1.20800E-04,3240.000
1.21000E-04,3280.000
1.21200E-04,3240.000
1.21400E-04,3320.000
1.21600E-04,3280.000
1.21800E-04,3280.000
1.22000E-04,3320.000
1.22200E-04,3240.000
1.22400E-04,3200.000
1.22600E-04,3280.000
1.22800E-04,3240.000
1.23000E-04,3320.000
1.23200E-04,3280.000
1.23400E-04,3280.000
1.23600E-04,3200.000
1.23800E-04,3240.000
1.24000E-04,3240.000
1.24200E-04,3240.000
1.24400E-04,3240.000
1.24600E-04,3320.000
1.24800E-04,3280.000
1.25000E-04,3320.000
1.25200E-04,3280.000
1.25400E-04,3320.000
1.25600E-04,3320.000
1.25800E-04,3240.000
1.26000E-04,3240.000
1.26200E-04,3240.000
1.26400E-04,3240.000
1.26600E-04,3240.000
1.26800E-04,3280.000
1.27000E-04,3280.000
1.27200E-04,3320.000
1.27400E-04,3240.000
1.27600E-04,3280.000
1.27800E-04,3200.000
1.28000E-04,3200.000
1.28200E-04,3240.000
1.28400E-04,3200.000
1.28600E-04,3280.000
1.28800E-04,3280.000
1.29000E-04,3280.000
1.29200E-04,3240.000
1.29400E-04,3240.000
1.29600E-04,3280.000
1.29800E-04,3320.000
1.30000E-04,3200.000
1.30200E-04,3240.000
1.30400E-04,3280.000
1.30600E-04,3240.000
1.30800E-04,-80.000
1.31000E-04,-40.000
1.31200E-04,-80.000
1.31400E-04,-40.000
1.31600E-04,-40.000
1.31800E-04,-80.000
1.32000E-04,-80.000
1.32200E-04,-80.000
1.32400E-04,-80.000
1.32600E-04,-40.000
1.32800E-04,-40.000
1.33000E-04,-80.000
1.33200E-04,-80.000
1.33400E-04,-80.000
1.33600E-04,-40.000
1.33800E-04,0.000
1.34000E-04,-40.000
1.34200E-04,-80.000
1.34400E-04,0.000
1.34600E-04,-80.000
1.34800E-04,0.000
1.35000E-04,-40.000
1.35200E-04,-40.000
1.35400E-04,0.000
1.35600E-04,0.000
1.35800E-04,-40.000
1.36000E-04,0.000
1.36200E-04,0.000
1.36400E-04,-40.000
1.36600E-04,-120.000
1.36800E-04,-80.000
1.37000E-04,-80.000
1.37200E-04,-40.000
1.37400E-04,-40.000
1.37600E-04,-40.000
1.37800E-04,-40.000
1.38000E-04,-40.000
1.38200E-04,-80.000
1.38400E-04,-40.000
1.38600E-04,-40.000
1.38800E-04,-40.000
1.39000E-04,-40.000
1.39200E-04,0.000
1.39400E-04,-40.000
1.39600E-04,-80.000
1.39800E-04,0.000
1.40000E-04,0.000
1.40200E-04,-40.000
1.40400E-04,0.000
1.40600E-04,-40.000
1.40800E-04,-40.000
1.41000E-04,-40.000
1.41200E-04,-40.000
1.41400E-04,-40.000
1.41600E-04,-40.000
1.41800E-04,-40.000
1.42000E-04,-40.000
1.42200E-04,-40.000
1.42400E-04,-80.000
1.42600E-04,0.000
1.42800E-04,0.000
1.43000E-04,-40.000
1.43200E-04,0.000
1.43400E-04,0.000
1.43600E-04,-40.000
1.43800E-04,-80.000
1.44000E-04,0.000
1.44200E-04,-40.000
1.44400E-04,-40.000
1.44600E-04,-40.000
1.44800E-04,-40.000
1.45000E-04,-40.000
1.45200E-04,-40.000
1.45400E-04,0.000
1.45600E-04,-40.000
1.45800E-04,-40.000
1.46000E-04,-40.000
1.46200E-04,-40.000
1.46400E-04,0.000
1.46600E-04,0.000
1.46800E-04,-40.000
1.47000E-04,0.000
1.47200E-04,-40.000
1.47400E-04,-40.000
1.47600E-04,-40.000
1.47800E-04,-40.000
1.48000E-04,-40.000
1.48200E-04,-40.000
1.48400E-04,-40.000
1.48600E-04,-40.000
1.48800E-04,-40.000
1.49000E-04,0.000
1.49200E-04,-40.000
1.49400E-04,-80.000
1.49600E-04,-40.000
1.49800E-04,0.000
1.50000E-04,-40.000
1.50200E-04,-40.000
1.50400E-04,-40.000
1.50600E-04,-40.000
1.50800E-04,-40.000
1.51000E-04,-40.000
1.51200E-04,-80.000
1.51400E-04,-40.000
1.51600E-04,-40.000
1.51800E-04,-40.000
1.52000E-04,-40.000
1.52200E-04,-80.000
1.52400E-04,-80.000
1.52600E-04,0.000
1.52800E-04,-40.000
1.53000E-04,-40.000
1.53200E-04,-40.000
1.53400E-04,0.000
1.53600E-04,0.000
1.53800E-04,-40.000
1.54000E-04,-80.000
1.54200E-04,0.000
1.54400E-04,-40.000
1.54600E-04,-40.000
1.54800E-04,-40.000
1.55000E-04,0.000
1.55200E-04,-40.000
1.55400E-04,0.000
1.55600E-04,-40.000
1.55800E-04,-40.000
1.56000E-04,-40.000
1.56200E-04,0.000
1.56400E-04,-40.000
1.56600E-04,0.000
1.56800E-04,0.000
1.57000E-04,-40.000
1.57200E-04,-120.000
1.57400E-04,0.000
1.57600E-04,0.000
1.57800E-04,-40.000
1.58000E-04,0.000
1.58200E-04,0.000
1.58400E-04,-40.000
1.58600E-04,0.000
1.58800E-04,0.000
1.59000E-04,-40.000
1.59200E-04,-40.000
1.59400E-04,-40.000
1.59600E-04,-40.000
1.59800E-04,-120.000
1.60000E-04,-80.000
1.60200E-04,0.000
1.60400E-04,-40.000
1.60600E-04,-40.000
1.60800E-04,-40.000
1.61000E-04,-40.000
1.61200E-04,-40.000
1.61400E-04,-40.000
1.61600E-04,0.000
1.61800E-04,-40.000
1.62000E-04,-80.000
1.62200E-04,-80.000
1.62400E-04,0.000
1.62600E-04,0.000
1.62800E-04,-40.000
1.63000E-04,0.000
1.63200E-04,-40.000
1.63400E-04,-80.000
1.63600E-04,0.000
1.63800E-04,-40.000
1.64000E-04,-40.000
1.64200E-04,-40.000
1.64400E-04,-40.000
1.64600E-04,-40.000
1.64800E-04,-40.000
1.65000E-04,-40.000
1.65200E-04,-40.000
1.65400E-04,3320.000
1.65600E-04,3280.000
1.65800E-04,3320.000
1.66000E-04,3280.000
1.66200E-04,3320.000
1.66400E-04,3360.000
1.66600E-04,3320.000
1.66800E-04,3240.000
1.67000E-04,3320.000
1.67200E-04,3280.000
1.67400E-04,3320.000
1.67600E-04,3320.000
1.67800E-04,3320.000
1.68000E-04,3320.000
1.68200E-04,3320.000
1.68400E-04,3240.000
1.68600E-04,3240.000
1.68800E-04,3280.000
1.69000E-04,3240.000
1.69200E-04,3320.000
1.69400E-04,3320.000
1.69600E-04,3280.000
1.69800E-04,3280.000
1.70000E-04,3280.000
1.70200E-04,3320.000
1.70400E-04,3280.000
1.70600E-04,3320.000
1.70800E-04,3240.000
1.71000E-04,3240.000
1.71200E-04,3280.000
1.71400E-04,3240.000
1.71600E-04,3280.000
1.71800E-04,3240.000
1.72000E-04,3280.000
1.72200E-04,3240.000
1.72400E-04,3280.000
1.72600E-04,3240.000
1.72800E-04,3280.000
1.73000E-04,3240.000
1.73200E-04,3320.000
1.73400E-04,3280.000
1.73600E-04,3240.000
1.73800E-04,3280.000
1.74000E-04,3280.000
1.74200E-04,-40.000
1.74400E-04,-80.000
1.74600E-04,-80.000
1.74800E-04,-80.000
1.75000E-04,-120.000
1.75200E-04,-120.000
1.75400E-04,-40.000
1.75600E-04,-40.000
1.75800E-04,-80.000
1.76000E-04,0.000
1.76200E-04,-80.000
1.76400E-04,-40.000
1.76600E-04,-80.000
1.76800E-04,-40.000
1.77000E-04,-40.000
1.77200E-04,-40.000
1.77400E-04,-40.000
1.77600E-04,-40.000
1.77800E-04,-40.000
1.78000E-04,-40.000
1.78200E-04,-40.000
1.78400E-04,-40.000
1.78600E-04,-80.000
1.78800E-04,-120.000
1.79000E-04,-80.000
1.79200E-04,0.000
1.79400E-04,0.000
1.79600E-04,-40.000
1.79800E-04,0.000
1.80000E-04,-40.000
1.80200E-04,0.000
1.80400E-04,0.000
1.80600E-04,-40.000
1.80800E-04,-40.000
1.81000E-04,-40.000
1.81200E-04,-80.000
1.81400E-04,-80.000
1.81600E-04,0.000
1.81800E-04,-40.000
1.82000E-04,-40.000
1.82200E-04,-40.000
1.82400E-04,-80.000
1.82600E-04,-40.000
1.82800E-04,0.000
1.83000E-04,-40.000
1.83200E-04,0.000
1.83400E-04,-40.000
1.83600E-04,-80.000
1.83800E-04,-40.000
1.84000E-04,-40.000
1.84200E-04,-40.000
1.84400E-04,-40.000
1.84600E-04,0.000
1.84800E-04,-40.000
1.85000E-04,0.000
1.85200E-04,-40.000
1.85400E-04,0.000
1.85600E-04,-40.000
1.85800E-04,0.000
1.86000E-04,0.000
1.86200E-04,-40.000
1.86400E-04,0.000
1.86600E-04,-40.000
1.86800E-04,-80.000
1.87000E-04,-80.000
1.87200E-04,0.000
1.87400E-04,-40.000
1.87600E-04,-40.000
1.87800E-04,-40.000
1.88000E-04,-40.000
1.88200E-04,0.000
1.88400E-04,0.000
1.88600E-04,-40.000
1.88800E-04,-80.000
1.89000E-04,0.000
1.89200E-04,-40.000
1.89400E-04,-40.000
1.89600E-04,-40.000
1.89800E-04,-40.000
1.90000E-04,-40.000
1.90200E-04,-40.000
1.90400E-04,-40.000
1.90600E-04,-40.000
1.90800E-04,0.000
1.91000E-04,0.000
1.91200E-04,-40.000
1.91400E-04,3520.000
1.91600E-04,3280.000
1.91800E-04,3320.000
1.92000E-04,3320.000
1.92200E-04,3320.000
1.92400E-04,3320.000
1.92600E-04,3320.000
1.92800E-04,3240.000
1.93000E-04,3240.000
1.93200E-04,3280.000
1.93400E-04,3240.000
1.93600E-04,3320.000
1.93800E-04,3320.000
1.94000E-04,3280.000
1.94200E-04,3240.000
1.94400E-04,3280.000
1.94600E-04,3280.000
1.94800E-04,3320.000
1.95000E-04,3280.000
1.95200E-04,3240.000
1.95400E-04,3320.000
1.95600E-04,3280.000
1.95800E-04,3320.000
1.96000E-04,3280.000
1.96200E-04,3280.000
1.96400E-04,3280.000
1.96600E-04,3280.000
1.96800E-04,3320.000
1.97000E-04,3240.000
1.97200E-04,3240.000
1.97400E-04,3280.000
1.97600E-04,3240.000
1.97800E-04,3280.000
1.98000E-04,3320.000
1.98200E-04,3280.000
1.98400E-04,3320.000
1.98600E-04,3240.000
1.98800E-04,3280.000
1.99000E-04,3280.000
1.99200E-04,3280.000
1.99400E-04,3280.000
1.99600E-04,3280.000
1.99800E-04,3320.000
2.00000E-04,3280.000
2.00200E-04,0.000
2.00400E-04,-80.000
2.00600E-04,-80.000
2.00800E-04,-80.000
2.01000E-04,-40.000
2.01200E-04,-80.000
2.01400E-04,-80.000
2.01600E-04,-80.000
2.01800E-04,-40.000
2.02000E-04,-40.000
2.02200E-04,-40.000
2.02400E-04,-80.000
2.02600E-04,-40.000
2.02800E-04,-80.000
2.03000E-04,-80.000
2.03200E-04,-40.000
2.03400E-04,0.000
2.03600E-04,-40.000
2.03800E-04,0.000
2.04000E-04,0.000
2.04200E-04,-40.000
2.04400E-04,0.000
2.04600E-04,0.000
2.04800E-04,-40.000
2.05000E-04,-40.000
2.05200E-04,0.000
2.05400E-04,-80.000
2.05600E-04,-80.000
2.05800E-04,-40.000
2.06000E-04,0.000
2.06200E-04,-40.000
2.06400E-04,-40.000
2.06600E-04,-80.000
2.06800E-04,-40.000
2.07000E-04,-80.000
2.07200E-04,-40.000
2.07400E-04,-40.000
2.07600E-04,-40.000
2.07800E-04,-40.000
2.08000E-04,-40.000
2.08200E-04,-80.000
2.08400E-04,0.000
2.08600E-04,-40.000
2.08800E-04,3280.000
2.09000E-04,3280.000
2.09200E-04,3320.000
2.09400E-04,3280.000
2.09600E-04,3280.000
2.09800E-04,3320.000
2.10000E-04,3320.000
2.10200E-04,3280.000
2.10400E-04,3240.000
2.10600E-04,3280.000
2.10800E-04,3280.000
2.11000E-04,3280.000
2.11200E-04,3320.000
2.11400E-04,3280.000
2.11600E-04,3280.000
2.11800E-04,3320.000
2.12000E-04,3280.000
2.12200E-04,3320.000
2.12400E-04,3240.000
2.12600E-04,3240.000
2.12800E-04,3280.000
2.13000E-04,3240.000
2.13200E-04,3240.000
2.13400E-04,3240.000
2.13600E-04,3280.000
2.13800E-04,3320.000
2.14000E-04,3280.000
2.14200E-04,3240.000
2.14400E-04,3280.000
2.14600E-04,3240.000
2.14800E-04,3240.000
2.15000E-04,3240.000
2.15200E-04,3240.000
2.15400E-04,3280.000
2.15600E-04,3320.000
2.15800E-04,3320.000
2.16000E-04,3240.000
2.16200E-04,3200.000
2.16400E-04,3280.000
2.16600E-04,3240.000
2.16800E-04,3200.000
2.17000E-04,3280.000
2.17200E-04,3240.000
2.17400E-04,3280.000
2.17600E-04,-120.000
2.17800E-04,-40.000
2.18000E-04,-80.000
2.18200E-04,-80.000
2.18400E-04,-80.000
2.18600E-04,-80.000
2.18800E-04,-80.000
2.19000E-04,-80.000
2.19200E-04,-80.000
2.19400E-04,-80.000
2.19600E-04,-120.000
2.19800E-04,-40.000
2.20000E-04,-40.000
2.20200E-04,-40.000
2.20400E-04,-40.000
2.20600E-04,-80.000
2.20800E-04,-80.000
2.21000E-04,-80.000
2.21200E-04,-80.000
2.21400E-04,-80.000
2.21600E-04,0.000
2.21800E-04,-80.000
2.22000E-04,0.000
2.22200E-04,0.000
2.22400E-04,-40.000
2.22600E-04,-40.000
2.22800E-04,-40.000
2.23000E-04,-40.000
2.23200E-04,-40.000
2.23400E-04,-40.000
2.23600E-04,-40.000
2.23800E-04,-40.000
2.24000E-04,-40.000
2.24200E-04,0.000
2.24400E-04,-80.000
2.24600E-04,0.000
2.24800E-04,-80.000
2.25000E-04,0.000
2.25200E-04,-40.000
2.25400E-04,-40.000
2.25600E-04,-40.000
2.25800E-04,-40.000
2.26000E-04,-40.000
2.26200E-04,3280.000
2.26400E-04,3240.000
2.26600E-04,3320.000
2.26800E-04,3280.000
2.27000E-04,3320.000
2.27200E-04,3280.000
2.27400E-04,3280.000
2.27600E-04,3320.000
2.27800E-04,3280.000
2.28000E-04,3240.000
2.28200E-04,3280.000
2.28400E-04,3320.000
2.28600E-04,3280.000
2.28800E-04,3280.000
2.29000E-04,3280.000
2.29200E-04,3320.000
2.29400E-04,3280.000
2.29600E-04,3240.000
2.29800E-04,3280.000
2.30000E-04,3320.000
2.30200E-04,3280.000
2.30400E-04,3240.000
2.30600E-04,3280.000
2.30800E-04,3320.000
2.31000E-04,3280.000
2.31200E-04,3240.000
2.31400E-04,3280.000
2.31600E-04,3240.000
2.31800E-04,3200.000
2.32000E-04,3280.000
2.32200E-04,3280.000
2.32400E-04,3280.000
2.32600E-04,3280.000
2.32800E-04,3280.000
2.33000E-04,3280.000
2.33200E-04,3320.000
2.33400E-04,3280.000
2.33600E-04,3240.000
2.33800E-04,3240.000
2.34000E-04,3240.000
2.34200E-04,3200.000
2.34400E-04,3240.000
2.34600E-04,3280.000
2.34800E-04,-160.000
2.35000E-04,-80.000
2.35200E-04,-80.000
2.35400E-04,-40.000
2.35600E-04,-80.000
2.35800E-04,-120.000
2.36000E-04,-80.000
2.36200E-04,-120.000
2.36400E-04,-120.000
2.36600E-04,0.000
2.36800E-04,-40.000
2.37000E-04,-80.000
2.37200E-04,-40.000
2.37400E-04,-80.000
2.37600E-04,-40.000
2.37800E-04,-40.000
2.38000E-04,-80.000
2.38200E-04,-40.000
2.38400E-04,-40.000
2.38600E-04,-80.000
2.38800E-04,0.000
2.39000E-04,-80.000
2.39200E-04,-40.000
2.39400E-04,-40.000
2.39600E-04,-80.000
2.39800E-04,-80.000
2.40000E-04,-80.000
2.40200E-04,-120.000
2.40400E-04,-80.000
2.40600E-04,0.000
2.40800E-04,-40.000
2.41000E-04,-40.000
2.41200E-04,-40.000
2.41400E-04,-40.000
2.41600E-04,-80.000
2.41800E-04,-120.000
2.42000E-04,-80.000
2.42200E-04,-80.000
2.42400E-04,-80.000
2.42600E-04,-40.000
2.42800E-04,0.000
2.43000E-04,-40.000
2.43200E-04,0.000
2.43400E-04,-40.000
2.43600E-04,3280.000
2.43800E-04,3280.000
2.44000E-04,3320.000
2.44200E-04,3320.000
2.44400E-04,3240.000
2.44600E-04,3280.000
2.44800E-04,3320.000
2.45000E-04,3280.000
2.45200E-04,3240.000
2.45400E-04,3280.000
2.45600E-04,3240.000
2.45800E-04,3280.000
2.46000E-04,3320.000
2.46200E-04,3240.000
2.46400E-04,3240.000
2.46600E-04,3280.000
2.46800E-04,3240.000
2.47000E-04,3280.000
2.47200E-04,3320.000
2.47400E-04,3280.000
2.47600E-04,3320.000
2.47800E-04,3240.000
2.48000E-04,3240.000
2.48200E-04,3280.000
2.48400E-04,3240.000
2.48600E-04,3240.000
2.48800E-04,3320.000
2.49000E-04,3240.000
2.49200E-04,3240.000
2.49400E-04,3240.000
2.49600E-04,3240.000
2.49800E-04,3320.000
2.50000E-04,3240.000
2.50200E-04,3240.000
2.50400E-04,3280.000
2.50600E-04,3200.000
2.50800E-04,3280.000
2.51000E-04,3200.000
2.51200E-04,3240.000
2.51400E-04,3280.000
2.51600E-04,3240.000
2.51800E-04,3280.000
2.52000E-04,3320.000
2.52200E-04,-40.000
2.52400E-04,-40.000
2.52600E-04,-80.000
2.52800E-04,-40.000
2.53000E-04,-40.000
2.53200E-04,-80.000
2.53400E-04,-80.000
2.53600E-04,-80.000
2.53800E-04,-80.000
2.54000E-04,-80.000
2.54200E-04,-40.000
2.54400E-04,-40.000
2.54600E-04,-40.000
2.54800E-04,-40.000
2.55000E-04,-40.000
2.55200E-04,-40.000
2.55400E-04,-40.000
2.55600E-04,-40.000
2.55800E-04,-40.000
2.56000E-04,-40.000
2.56200E-04,0.000
2.56400E-04,-40.000
2.56600E-04,-40.000
2.56800E-04,-40.000
2.57000E-04,-40.000
2.57200E-04,-80.000
2.57400E-04,0.000
2.57600E-04,-40.000
2.57800E-04,-40.000
2.58000E-04,-80.000
2.58200E-04,-40.000
2.58400E-04,0.000
2.58600E-04,-80.000
2.58800E-04,-80.000
2.59000E-04,0.000
2.59200E-04,0.000
2.59400E-04,-80.000
2.59600E-04,0.000
2.59800E-04,-80.000
2.60000E-04,-80.000
2.60200E-04,-80.000
2.60400E-04,0.000
2.60600E-04,0.000
2.60800E-04,-40.000
2.61000E-04,-40.000
2.61200E-04,-40.000
2.61400E-04,-40.000
2.61600E-04,0.000
2.61800E-04,0.000
2.62000E-04,-40.000
2.62200E-04,0.000
2.62400E-04,-40.000
2.62600E-04,-40.000
2.62800E-04,-40.000
2.63000E-04,-40.000
2.63200E-04,-40.000
2.63400E-04,-40.000
2.63600E-04,-40.000
2.63800E-04,0.000
2.64000E-04,0.000
2.64200E-04,-40.000
2.64400E-04,-40.000
2.64600E-04,-40.000
2.64800E-04,-40.000
2.65000E-04,-80.000
2.65200E-04,-80.000
2.65400E-04,0.000
2.65600E-04,-40.000
2.65800E-04,-40.000
2.66000E-04,-80.000
2.66200E-04,-80.000
2.66400E-04,-80.000
2.66600E-04,0.000
2.66800E-04,0.000
2.67000E-04,-80.000
2.67200E-04,-120.000
2.67400E-04,-80.000
2.67600E-04,0.000
2.67800E-04,-40.000
2.68000E-04,-40.000
2.68200E-04,-40.000
2.68400E-04,0.000
2.68600E-04,0.000
2.68800E-04,-40.000
2.69000E-04,0.000
2.69200E-04,0.000
2.69400E-04,-40.000
2.69600E-04,3240.000
2.69800E-04,3280.000
2.70000E-04,3360.000
2.70200E-04,3320.000
2.70400E-04,3280.000
2.70600E-04,3320.000
2.70800E-04,3320.000
2.71000E-04,3280.000
2.71200E-04,3280.000
2.71400E-04,3280.000
2.71600E-04,3280.000
2.71800E-04,3280.000
2.72000E-04,3320.000
2.72200E-04,3280.000
2.72400E-04,3280.000
2.72600E-04,3280.000
2.72800E-04,3280.000
2.73000E-04,3280.000
2.73200E-04,3320.000
2.73400E-04,3280.000
2.73600E-04,3240.000
2.73800E-04,3280.000
2.74000E-04,3240.000
2.74200E-04,3280.000
2.74400E-04,3240.000
2.74600E-04,3240.000
2.74800E-04,3280.000
2.75000E-04,3240.000
2.75200E-04,3240.000
2.75400E-04,3280.000
2.75600E-04,3240.000
2.75800E-04,3240.000
2.76000E-04,3280.000
2.76200E-04,3280.000
2.76400E-04,3240.000
2.76600E-04,3280.000
2.76800E-04,3240.000
2.77000E-04,3280.000
2.77200E-04,3280.000
2.77400E-04,3280.000
2.77600E-04,3280.000
2.77800E-04,3280.000
2.78000E-04,3320.000
2.78200E-04,3280.000
2.78400E-04,3240.000
2.78600E-04,3240.000
2.78800E-04,3240.000
2.79000E-04,3200.000
2.79200E-04,3280.000
2.79400E-04,3320.000
2.79600E-04,3320.000
2.79800E-04,3320.000
2.80000E-04,3240.000
2.80200E-04,3240.000
2.80400E-04,3240.000
2.80600E-04,3280.000
2.80800E-04,3280.000
2.81000E-04,3320.000
2.81200E-04,3280.000
2.81400E-04,3280.000
2.81600E-04,3320.000
2.81800E-04,3280.000
2.82000E-04,3200.000
2.82200E-04,3240.000
2.82400E-04,3240.000
2.82600E-04,3240.000
2.82800E-04,3280.000
2.83000E-04,3280.000
2.83200E-04,3320.000
2.83400E-04,3240.000
2.83600E-04,3280.000
2.83800E-04,3240.000
2.84000E-04,3280.000
2.84200E-04,3320.000
2.84400E-04,3240.000
2.84600E-04,3240.000
2.84800E-04,3280.000
2.85000E-04,3280.000
2.85200E-04,3320.000
2.85400E-04,3240.000
2.85600E-04,3240.000
2.85800E-04,3240.000
2.86000E-04,3280.000
2.86200E-04,3240.000
2.86400E-04,3320.000
2.86600E-04,3280.000
2.86800E-04,3320.000
2.87000E-04,-40.000
2.87200E-04,-80.000
2.87400E-04,-80.000
2.87600E-04,-80.000
2.87800E-04,-80.000
2.88000E-04,-80.000
2.88200E-04,-80.000
2.88400E-04,-80.000
2.88600E-04,-80.000
2.88800E-04,-80.000
2.89000E-04,-80.000
2.89200E-04,-80.000
2.89400E-04,-80.000
2.89600E-04,-80.000
2.89800E-04,-40.000
2.90000E-04,-80.000
2.90200E-04,0.000
2.90400E-04,-80.000
2.90600E-04,-40.000
2.90800E-04,-40.000
2.91000E-04,-40.000
2.91200E-04,0.000
2.91400E-04,-40.000
2.91600E-04,-40.000
2.91800E-04,-40.000
2.92000E-04,-40.000
2.92200E-04,-120.000
2.92400E-04,-80.000
2.92600E-04,-40.000
2.92800E-04,0.000
2.93000E-04,-80.000
2.93200E-04,0.000
2.93400E-04,-80.000
2.93600E-04,-80.000
2.93800E-04,-40.000
2.94000E-04,-80.000
2.94200E-04,-40.000
2.94400E-04,-40.000
2.94600E-04,-40.000
2.94800E-04,-40.000
2.95000E-04,-40.000
2.95200E-04,-40.000
2.95400E-04,-40.000
2.95600E-04,3280.000
2.95800E-04,3240.000
2.96000E-04,3280.000
2.96200E-04,3280.000
2.96400E-04,3280.000
2.96600E-04,3280.000
2.96800E-04,3320.000
2.97000E-04,3280.000
2.97200E-04,3320.000
2.97400E-04,3280.000
2.97600E-04,3280.000
2.97800E-04,3280.000
2.98000E-04,3280.000
2.98200E-04,3280.000
2.98400E-04,3320.000
2.98600E-04,3280.000
2.98800E-04,3320.000
2.99000E-04,3320.000
2.99200E-04,3320.000
2.99400E-04,3320.000
2.99600E-04,3240.000
2.99800E-04,3240.000
3.00000E-04,3280.000
3.00200E-04,3240.000
3.00400E-04,3200.000
3.00600E-04,3240.000
3.00800E-04,3320.000
3.01000E-04,3240.000
3.01200E-04,3240.000
3.01400E-04,3240.000
3.01600E-04,3240.000
3.01800E-04,3240.000
3.02000E-04,3280.000
3.02200E-04,3240.000
3.02400E-04,3280.000
3.02600E-04,3240.000
3.02800E-04,3240.000
3.03000E-04,3320.000
3.03200E-04,3240.000
3.03400E-04,3320.000
3.03600E-04,3320.000
3.03800E-04,3240.000
3.04000E-04,3280.000
3.04200E-04,3280.000
3.04400E-04,-80.000
3.04600E-04,-40.000
3.04800E-04,-40.000
3.05000E-04,-80.000
3.05200E-04,-40.000
3.05400E-04,-80.000
3.05600E-04,-80.000
3.05800E-04,-80.000
3.06000E-04,-80.000
3.06200E-04,-40.000
3.06400E-04,-80.000
3.06600E-04,-40.000
3.06800E-04,-80.000
3.07000E-04,-80.000
3.07200E-04,-80.000
3.07400E-04,-80.000
3.07600E-04,0.000
3.07800E-04,0.000
3.08000E-04,-40.000
3.08200E-04,-40.000
3.08400E-04,0.000
3.08600E-04,-40.000
3.08800E-04,0.000
3.09000E-04,-40.000
3.09200E-04,0.000
3.09400E-04,-40.000
3.09600E-04,-40.000
3.09800E-04,-40.000
3.10000E-04,0.000
3.10200E-04,-40.000
3.10400E-04,0.000
3.10600E-04,-80.000
3.10800E-04,-80.000
3.11000E-04,-40.000
3.11200E-04,-80.000
3.11400E-04,-80.000
3.11600E-04,-120.000
3.11800E-04,-40.000
3.12000E-04,0.000
3.12200E-04,-40.000
3.12400E-04,0.000
3.12600E-04,0.000
3.12800E-04,-80.000
3.13000E-04,0.000
3.13200E-04,-40.000
3.13400E-04,-40.000
3.13600E-04,-80.000
3.13800E-04,-80.000
3.14000E-04,-80.000
3.14200E-04,0.000
3.14400E-04,0.000
3.14600E-04,-40.000
3.14800E-04,-40.000
3.15000E-04,-40.000
3.15200E-04,-40.000
3.15400E-04,-40.000
3.15600E-04,-40.000
3.15800E-04,-80.000
3.16000E-04,-40.000
3.16200E-04,-40.000
3.16400E-04,0.000
3.16600E-04,-40.000
3.16800E-04,-40.000
3.17000E-04,-40.000
3.17200E-04,-40.000
3.17400E-04,-40.000
3.17600E-04,-80.000
3.17800E-04,-40.000
3.18000E-04,-40.000
3.18200E-04,-40.000
3.18400E-04,0.000
3.18600E-04,-40.000
3.18800E-04,-40.000
3.19000E-04,-80.000
3.19200E-04,-40.000
3.19400E-04,-120.000
3.19600E-04,0.000
3.19800E-04,-40.000
3.20000E-04,-80.000
3.20200E-04,-40.000
3.20400E-04,-80.000
3.20600E-04,-40.000
3.20800E-04,-80.000
3.21000E-04,-80.000
3.21200E-04,-80.000
3.21400E-04,-80.000
3.21600E-04,-120.000
3.21800E-04,0.000
3.22000E-04,-40.000
3.22200E-04,-40.000
3.22400E-04,-40.000
3.22600E-04,-40.000
3.22800E-04,-40.000
3.23000E-04,0.000
3.23200E-04,0.000
3.23400E-04,-40.000
3.23600E-04,-80.000
3.23800E-04,-80.000
3.24000E-04,-120.000
3.24200E-04,-80.000
3.24400E-04,0.000
3.24600E-04,0.000
3.24800E-04,-80.000
3.25000E-04,0.000
3.25200E-04,-40.000
3.25400E-04,-80.000
3.25600E-04,0.000
3.25800E-04,0.000
3.26000E-04,-40.000
3.26200E-04,0.000
3.26400E-04,-40.000
3.26600E-04,-40.000
3.26800E-04,-80.000
3.27000E-04,-40.000
3.27200E-04,-40.000
3.27400E-04,-80.000
3.27600E-04,-40.000
3.27800E-04,0.000
3.28000E-04,-40.000
3.28200E-04,0.000
3.28400E-04,0.000
3.28600E-04,-40.000
3.28800E-04,-40.000
3.29000E-04,-80.000
3.29200E-04,-80.000
3.29400E-04,-40.000
3.29600E-04,-80.000
3.29800E-04,0.000
3.30000E-04,0.000
3.30200E-04,-40.000
3.30400E-04,3280.000
3.30600E-04,3280.000
3.30800E-04,3360.000
3.31000E-04,3360.000
3.31200E-04,3320.000
3.31400E-04,3320.000
3.31600E-04,3360.000
3.31800E-04,3280.000
3.32000E-04,3320.000
3.32200E-04,3320.000
3.32400E-04,3280.000
3.32600E-04,3280.000
3.32800E-04,3280.000
3.33000E-04,3320.000
3.33200E-04,3280.000
3.33400E-04,3320.000
3.33600E-04,3240.000
3.33800E-04,3280.000
3.34000E-04,3280.000
3.34200E-04,3320.000
3.34400E-04,3280.000
3.34600E-04,3320.000
3.34800E-04,3320.000
3.35000E-04,3320.000
3.35200E-04,3280.000
3.35400E-04,3240.000
3.35600E-04,3280.000
3.35800E-04,3240.000
3.36000E-04,3240.000
3.36200E-04,3280.000
3.36400E-04,3320.000
3.36600E-04,3280.000
3.36800E-04,3280.000
3.37000E-04,3280.000
3.37200E-04,3280.000
3.37400E-04,3240.000
3.37600E-04,3240.000
3.37800E-04,3280.000
3.38000E-04,3240.000
3.38200E-04,3200.000
3.38400E-04,3280.000
3.38600E-04,3240.000
3.38800E-04,3280.000
3.39000E-04,3280.000
3.39200E-04,3320.000
3.39400E-04,3240.000
3.39600E-04,3320.000
3.39800E-04,3320.000
3.40000E-04,3200.000
3.40200E-04,3240.000
3.40400E-04,3280.000
3.40600E-04,3240.000
3.40800E-04,3280.000
3.41000E-04,3320.000
3.41200E-04,3280.000
3.41400E-04,3240.000
3.41600E-04,3240.000
3.41800E-04,3240.000
3.42000E-04,3280.000
3.42200E-04,3280.000
3.42400E-04,3320.000
3.42600E-04,3240.000
3.42800E-04,3240.000
3.43000E-04,3280.000
3.43200E-04,3280.000
3.43400E-04,3320.000
3.43600E-04,3280.000
3.43800E-04,3240.000
3.44000E-04,3200.000
3.44200E-04,3240.000
3.44400E-04,3240.000
3.44600E-04,3280.000
3.44800E-04,3200.000
3.45000E-04,3280.000
3.45200E-04,3200.000
3.45400E-04,3280.000
3.45600E-04,3280.000
3.45800E-04,3280.000
3.46000E-04,3240.000
3.46200E-04,3200.000
3.46400E-04,3240.000
3.46600E-04,3320.000
3.46800E-04,3280.000
3.47000E-04,3280.000
3.47200E-04,3240.000
3.47400E-04,3240.000
3.47600E-04,3280.000
3.47800E-04,-80.000
3.48000E-04,-80.000
3.48200E-04,-160.000
3.48400E-04,-40.000
3.48600E-04,-80.000
3.48800E-04,-80.000
3.49000E-04,-80.000
3.49200E-04,-80.000
3.49400E-04,-40.000
3.49600E-04,-80.000
3.49800E-04,-40.000
3.50000E-04,-80.000
3.50200E-04,-120.000
3.50400E-04,-40.000
3.50600E-04,-80.000
3.50800E-04,-40.000
3.51000E-04,-80.000
3.51200E-04,-80.000
3.51400E-04,-80.000
3.51600E-04,-40.000
3.51800E-04,-40.000
3.52000E-04,-40.000
3.52200E-04,0.000
3.52400E-04,-40.000
3.52600E-04,-40.000
3.52800E-04,-80.000
3.53000E-04,-40.000
3.53200E-04,-40.000
3.53400E-04,-40.000
3.53600E-04,-120.000
3.53800E-04,0.000
3.54000E-04,-40.000
3.54200E-04,-80.000
3.54400E-04,-40.000
3.54600E-04,-80.000
3.54800E-04,-40.000
3.55000E-04,-80.000
3.55200E-04,-80.000
3.55400E-04,-80.000
3.55600E-04,-80.000
3.55800E-04,-80.000
3.56000E-04,0.000
3.56200E-04,-40.000
3.56400E-04,3320.000
3.56600E-04,3320.000
3.56800E-04,3240.000
3.57000E-04,3240.000
3.57200E-04,3360.000
3.57400E-04,3360.000
3.57600E-04,3360.000
3.57800E-04,3360.000
3.58000E-04,3320.000
3.58200E-04,3360.000
3.58400E-04,3240.000
3.58600E-04,3280.000
3.58800E-04,3240.000
3.59000E-04,3280.000
3.59200E-04,3280.000
3.59400E-04,3280.000
3.59600E-04,3240.000
3.59800E-04,3240.000
3.60000E-04,3280.000
3.60200E-04,3240.000
3.60400E-04,3280.000
3.60600E-04,3200.000
3.60800E-04,3240.000
3.61000E-04,3280.000
3.61200E-04,3320.000
3.61400E-04,3240.000
3.61600E-04,3240.000
3.61800E-04,3280.000
3.62000E-04,3320.000
3.62200E-04,3280.000
3.62400E-04,3280.000
3.62600E-04,3320.000
3.62800E-04,3320.000
3.63000E-04,3240.000
3.63200E-04,3240.000
3.63400E-04,3320.000
3.63600E-04,3280.000
3.63800E-04,3200.000
3.64000E-04,3280.000
3.64200E-04,3240.000
3.64400E-04,3280.000
3.64600E-04,3280.000
3.64800E-04,3280.000
3.65000E-04,3280.000
3.65200E-04,3280.000
3.65400E-04,3320.000
3.65600E-04,3320.000
3.65800E-04,3240.000
3.66000E-04,3240.000
3.66200E-04,3280.000
3.66400E-04,3320.000
3.66600E-04,3240.000
3.66800E-04,3320.000
3.67000E-04,3280.000
3.67200E-04,3280.000
3.67400E-04,3240.000
3.67600E-04,3240.000
3.67800E-04,3280.000
3.68000E-04,3280.000
3.68200E-04,3320.000
3.68400E-04,3240.000
3.68600E-04,3280.000
3.68800E-04,3280.000
3.69000E-04,3240.000
3.69200E-04,3320.000
3.69400E-04,3280.000
3.69600E-04,3320.000
3.69800E-04,3240.000
3.70000E-04,3240.000
3.70200E-04,3240.000
3.70400E-04,3200.000
3.70600E-04,3240.000
3.70800E-04,3320.000
3.71000E-04,3280.000
3.71200E-04,3200.000
3.71400E-04,3280.000
3.71600E-04,3240.000
3.71800E-04,3280.000
3.72000E-04,3280.000
3.72200E-04,3280.000
3.72400E-04,3280.000
3.72600E-04,3240.000
3.72800E-04,3200.000
3.73000E-04,3240.000
3.73200E-04,3200.000
3.73400E-04,3280.000
3.73600E-04,3320.000
3.73800E-04,-40.000
3.74000E-04,-120.000
3.74200E-04,-80.000
3.74400E-04,-80.000
3.74600E-04,-120.000
3.74800E-04,-40.000
3.75000E-04,-40.000
3.75200E-04,-80.000
3.75400E-04,-120.000
3.75600E-04,-120.000
3.75800E-04,-40.000
3.76000E-04,-40.000
3.76200E-04,-80.000
3.76400E-04,-40.000
3.76600E-04,-80.000
3.76800E-04,-40.000
3.77000E-04,-40.000
3.77200E-04,-40.000
3.77400E-04,-80.000
3.77600E-04,-120.000
3.77800E-04,-40.000
3.78000E-04,-40.000
3.78200E-04,-40.000
3.78400E-04,-40.000
3.78600E-04,-80.000
3.78800E-04,-40.000
3.79000E-04,-80.000
3.79200E-04,-80.000
3.79400E-04,-80.000
3.79600E-04,-40.000
3.79800E-04,-80.000
3.80000E-04,-40.000
3.80200E-04,-40.000
3.80400E-04,-40.000
3.80600E-04,-40.000
3.80800E-04,-40.000
3.81000E-04,-80.000
3.81200E-04,-40.000
3.81400E-04,-40.000
3.81600E-04,-40.000
3.81800E-04,-80.000
3.82000E-04,-80.000
3.82200E-04,-40.000
3.82400E-04,3320.000
3.82600E-04,3280.000
3.82800E-04,3320.000
3.83000E-04,3240.000
3.83200E-04,3320.000
3.83400E-04,3280.000
3.83600E-04,3320.000
3.83800E-04,3280.000
3.84000E-04,3280.000
3.84200E-04,3320.000
3.84400E-04,3240.000
3.84600E-04,3240.000
3.84800E-04,3240.000
3.85000E-04,3280.000
3.85200E-04,3320.000
3.85400E-04,3240.000
3.85600E-04,3280.000
3.85800E-04,3280.000
3.86000E-04,3320.000
3.86200E-04,3280.000
3.86400E-04,3240.000
3.86600E-04,3200.000
3.86800E-04,3280.000
3.87000E-04,3240.000
3.87200E-04,3280.000
3.87400E-04,3200.000
3.87600E-04,3280.000
3.87800E-04,3240.000
3.88000E-04,3280.000
3.88200E-04,3280.000
3.88400E-04,3320.000
3.88600E-04,3320.000
3.88800E-04,3320.000
3.89000E-04,3320.000
3.89200E-04,3320.000
3.89400E-04,3320.000
3.89600E-04,3320.000
3.89800E-04,3320.000
3.90000E-04,3320.000
3.90200E-04,3240.000
3.90400E-04,3280.000
3.90600E-04,3240.000
3.90800E-04,3320.000
3.91000E-04,3280.000
3.91200E-04,-40.000
3.91400E-04,-80.000
3.91600E-04,-120.000
3.91800E-04,-80.000
3.92000E-04,-80.000
3.92200E-04,-80.000
3.92400E-04,-80.000
3.92600E-04,-80.000
3.92800E-04,-40.000
3.93000E-04,-80.000
3.93200E-04,-80.000
3.93400E-04,-40.000
3.93600E-04,-80.000
3.93800E-04,-40.000
3.94000E-04,-80.000
3.94200E-04,-80.000
3.94400E-04,0.000
3.94600E-04,0.000
3.94800E-04,-40.000
3.95000E-04,-120.000
3.95200E-04,0.000
3.95400E-04,-40.000
3.95600E-04,-80.000
3.95800E-04,0.000
3.96000E-04,-40.000
3.96200E-04,-80.000
3.96400E-04,-40.000
3.96600E-04,-40.000
3.96800E-04,-40.000
3.97000E-04,-80.000
3.97200E-04,-120.000
3.97400E-04,-120.000
3.97600E-04,-80.000
3.97800E-04,0.000
3.98000E-04,0.000
3.98200E-04,-80.000
3.98400E-04,0.000
3.98600E-04,-40.000
3.98800E-04,-40.000
3.99000E-04,-40.000
3.99200E-04,-80.000
3.99400E-04,-40.000
3.99600E-04,-40.000
3.99800E-04,0.000
4.00000E-04,0.000
4.00200E-04,-40.000
4.00400E-04,-40.000
4.00600E-04,-40.000
4.00800E-04,-40.000
4.01000E-04,-40.000
4.01200E-04,-40.000
4.01400E-04,-40.000
4.01600E-04,-40.000
4.01800E-04,-80.000
4.02000E-04,0.000
4.02200E-04,0.000
4.02400E-04,-40.000
4.02600E-04,0.000
4.02800E-04,0.000
4.03000E-04,-40.000
4.03200E-04,-40.000
4.03400E-04,-80.000
4.03600E-04,-40.000
4.03800E-04,0.000
4.04000E-04,-40.000
4.04200E-04,-40.000
4.04400E-04,-80.000
4.04600E-04,-40.000
4.04800E-04,0.000
4.05000E-04,-40.000
4.05200E-04,-40.000
4.05400E-04,-40.000
4.05600E-04,0.000
4.05800E-04,-40.000
4.06000E-04,0.000
4.06200E-04,-40.000
4.06400E-04,-40.000
4.06600E-04,-80.000
4.06800E-04,-40.000
4.07000E-04,-40.000
4.07200E-04,-40.000
4.07400E-04,-40.000
4.07600E-04,-40.000
4.07800E-04,-40.000
4.08000E-04,0.000
4.08200E-04,0.000
4.08400E-04,-40.000
4.08600E-04,0.000
4.08800E-04,0.000
4.09000E-04,-40.000
4.09200E-04,-40.000
4.09400E-04,-40.000
4.09600E-04,-40.000
4.09800E-04,-40.000
4.10000E-04,-40.000
4.10200E-04,-40.000
4.10400E-04,0.000
4.10600E-04,-80.000
4.10800E-04,-40.000
4.11000E-04,-40.000
4.11200E-04,-40.000
4.11400E-04,-40.000
4.11600E-04,-40.000
4.11800E-04,-40.000
4.12000E-04,-40.000
4.12200E-04,-40.000
4.12400E-04,0.000
4.12600E-04,-40.000
4.12800E-04,-40.000
4.13000E-04,-40.000
4.13200E-04,0.000
4.13400E-04,0.000
4.13600E-04,-40.000
4.13800E-04,-80.000
4.14000E-04,-80.000
4.14200E-04,-80.000
4.14400E-04,0.000
4.14600E-04,0.000
4.14800E-04,-40.000
4.15000E-04,-40.000
4.15200E-04,-40.000
4.15400E-04,-40.000
4.15600E-04,-80.000
4.15800E-04,-40.000
4.16000E-04,0.000
4.16200E-04,-40.000
4.16400E-04,0.000
4.16600E-04,-40.000
4.16800E-04,0.000
4.17000E-04,-40.000
4.17200E-04,3280.000
4.17400E-04,3280.000
4.17600E-04,3280.000
4.17800E-04,3280.000
4.18000E-04,3280.000
4.18200E-04,3320.000
4.18400E-04,3360.000
4.18600E-04,3280.000
4.18800E-04,3320.000
4.19000E-04,3280.000
4.19200E-04,3320.000
4.19400E-04,3320.000
4.19600E-04,3320.000
4.19800E-04,3320.000
4.20000E-04,3200.000
4.20200E-04,3280.000
4.20400E-04,3280.000
4.20600E-04,3320.000
4.20800E-04,3280.000
4.21000E-04,3280.000
4.21200E-04,3280.000
4.21400E-04,3280.000
4.21600E-04,3280.000
4.21800E-04,3320.000
4.22000E-04,3280.000
4.22200E-04,3240.000
4.22400E-04,3280.000
4.22600E-04,3240.000
4.22800E-04,3280.000
4.23000E-04,3320.000
4.23200E-04,3280.000
4.23400E-04,3320.000
4.23600E-04,3200.000
4.23800E-04,3240.000
4.24000E-04,3280.000
4.24200E-04,3240.000
4.24400E-04,3240.000
4.24600E-04,3280.000
4.24800E-04,3320.000
4.25000E-04,3280.000
4.25200E-04,3200.000
4.25400E-04,3280.000
4.25600E-04,3320.000
4.25800E-04,3240.000
4.26000E-04,3200.000
4.26200E-04,3240.000
4.26400E-04,3240.000
4.26600E-04,3240.000
4.26800E-04,3240.000
4.27000E-04,3240.000
4.27200E-04,3280.000
4.27400E-04,3280.000
4.27600E-04,3240.000
4.27800E-04,3280.000
4.28000E-04,3320.000
4.28200E-04,3280.000
4.28400E-04,3200.000
4.28600E-04,3240.000
4.28800E-04,3280.000
4.29000E-04,3280.000
4.29200E-04,3280.000
4.29400E-04,3320.000
4.29600E-04,3240.000
4.29800E-04,3240.000
4.30000E-04,3280.000
4.30200E-04,3280.000
4.30400E-04,3280.000
4.30600E-04,3240.000
4.30800E-04,3240.000
4.31000E-04,3280.000
4.31200E-04,3240.000
4.31400E-04,3280.000
4.31600E-04,3320.000
4.31800E-04,3240.000
4.32000E-04,3240.000
4.32200E-04,3240.000
4.32400E-04,3240.000
4.32600E-04,3320.000
4.32800E-04,3240.000
4.33000E-04,3240.000
4.33200E-04,3280.000
4.33400E-04,3240.000
4.33600E-04,3280.000
4.33800E-04,3240.000
4.34000E-04,3280.000
4.34200E-04,3280.000
4.34400E-04,3320.000
4.34600E-04,-80.000
4.34800E-04,-40.000
4.35000E-04,-80.000
4.35200E-04,-120.000
4.35400E-04,-40.000
4.35600E-04,-40.000
4.35800E-04,-80.000
4.36000E-04,-120.000
4.36200E-04,-120.000
4.36400E-04,-120.000
4.36600E-04,-40.000
4.36800E-04,-40.000
4.37000E-04,-80.000
4.37200E-04,-40.000
4.37400E-04,-80.000
4.37600E-04,-80.000
4.37800E-04,-40.000
4.38000E-04,-120.000
4.38200E-04,-120.000
4.38400E-04,-40.000
4.38600E-04,-40.000
4.38800E-04,-40.000
4.39000E-04,0.000
4.39200E-04,-80.000
4.39400E-04,-80.000
4.39600E-04,-80.000
4.39800E-04,-40.000
4.40000E-04,-80.000
4.40200E-04,-40.000
4.40400E-04,-40.000
4.40600E-04,-40.000
4.40800E-04,-40.000
4.41000E-04,-40.000
4.41200E-04,-80.000
4.41400E-04,0.000
4.41600E-04,-80.000
4.41800E-04,-120.000
4.42000E-04,0.000
4.42200E-04,-40.000
4.42400E-04,-40.000
4.42600E-04,-40.000
4.42800E-04,-40.000
4.43000E-04,-40.000
4.43200E-04,3280.000
4.43400E-04,3320.000
4.43600E-04,3320.000
4.43800E-04,3280.000
4.44000E-04,3280.000
4.44200E-04,3360.000
4.44400E-04,3360.000
4.44600E-04,3240.000
4.44800E-04,3280.000
4.45000E-04,3240.000
4.45200E-04,3240.000
4.45400E-04,3280.000
4.45600E-04,3240.000
4.45800E-04,3280.000
4.46000E-04,3240.000
4.46200E-04,3240.000
4.46400E-04,3280.000
4.46600E-04,3280.000
4.46800E-04,3320.000
4.47000E-04,3280.000
4.47200E-04,3240.000
4.47400E-04,3280.000
4.47600E-04,3240.000
4.47800E-04,3280.000
4.48000E-04,3320.000
4.48200E-04,3320.000
4.48400E-04,3240.000
4.48600E-04,3240.000
4.48800E-04,3280.000
4.49000E-04,3240.000
4.49200E-04,3280.000
4.49400E-04,3240.000
4.49600E-04,3280.000
4.49800E-04,3240.000
4.50000E-04,3240.000
4.50200E-04,3280.000
4.50400E-04,3280.000
4.50600E-04,3280.000
4.50800E-04,3280.000
4.51000E-04,3280.000
4.51200E-04,3320.000
4.51400E-04,3280.000
4.51600E-04,3240.000
4.51800E-04,3280.000
4.52000E-04,3280.000
4.52200E-04,3240.000
4.52400E-04,3240.000
4.52600E-04,3280.000
4.52800E-04,3240.000
4.53000E-04,3280.000
4.53200E-04,3280.000
4.53400E-04,3280.000
4.53600E-04,3240.000
4.53800E-04,3240.000
4.54000E-04,3280.000
4.54200E-04,3240.000
4.54400E-04,3280.000
4.54600E-04,3200.000
4.54800E-04,3280.000
4.55000E-04,3240.000
4.55200E-04,3240.000
4.55400E-04,3320.000
4.55600E-04,3280.000
4.55800E-04,3200.000
4.56000E-04,3280.000
4.56200E-04,3320.000
4.56400E-04,3280.000
4.56600E-04,3240.000
4.56800E-04,3240.000
4.57000E-04,3320.000
4.57200E-04,3280.000
4.57400E-04,3320.000
4.57600E-04,3200.000
4.57800E-04,3200.000
4.58000E-04,3280.000
4.58200E-04,3200.000
4.58400E-04,3280.000
4.58600E-04,3280.000
4.58800E-04,3240.000
4.59000E-04,3320.000
4.59200E-04,3280.000
4.59400E-04,3240.000
4.59600E-04,3200.000
4.59800E-04,3280.000
4.60000E-04,3200.000
4.60200E-04,3240.000
4.60400E-04,3200.000
4.60600E-04,-40.000
4.60800E-04,-80.000
4.61000E-04,-120.000
4.61200E-04,-40.000
4.61400E-04,-80.000
4.61600E-04,-80.000
4.61800E-04,-160.000
4.62000E-04,-120.000
4.62200E-04,-120.000
4.62400E-04,-120.000
4.62600E-04,-120.000
4.62800E-04,-40.000
4.63000E-04,-80.000
4.63200E-04,-80.000
4.63400E-04,-80.000
4.63600E-04,-80.000
4.63800E-04,-80.000
4.64000E-04,-80.000
4.64200E-04,-40.000
4.64400E-04,0.000
4.64600E-04,-80.000
4.64800E-04,-40.000
4.65000E-04,-80.000
4.65200E-04,-40.000
4.65400E-04,-80.000
4.65600E-04,-40.000
4.65800E-04,-40.000
4.66000E-04,-80.000
4.66200E-04,-80.000
4.66400E-04,-80.000
4.66600E-04,0.000
4.66800E-04,-40.000
4.67000E-04,-40.000
4.67200E-04,-40.000
4.67400E-04,-40.000
4.67600E-04,-80.000
4.67800E-04,0.000
4.68000E-04,0.000
4.68200E-04,-40.000
4.68400E-04,-80.000
4.68600E-04,0.000
4.68800E-04,-40.000
4.69000E-04,-80.000
4.69200E-04,3240.000
4.69400E-04,3280.000
4.69600E-04,3320.000
4.69800E-04,3280.000
4.70000E-04,3280.000
4.70200E-04,3360.000
4.70400E-04,3280.000
4.70600E-04,3320.000
4.70800E-04,3320.000
4.71000E-04,3280.000
4.71200E-04,3240.000
4.71400E-04,3280.000
4.71600E-04,3240.000
4.71800E-04,3240.000
4.72000E-04,3280.000
4.72200E-04,3240.000
4.72400E-04,3280.000
4.72600E-04,3320.000
4.72800E-04,3200.000
4.73000E-04,3240.000
4.73200E-04,3280.000
4.73400E-04,3240.000
4.73600E-04,3320.000
4.73800E-04,3280.000
4.74000E-04,3280.000
4.74200E-04,3320.000
4.74400E-04,3240.000
4.74600E-04,3320.000
4.74800E-04,3240.000
4.75000E-04,3240.000
4.75200E-04,3280.000
4.75400E-04,3240.000
4.75600E-04,3280.000
4.75800E-04,3320.000
4.76000E-04,3280.000
4.76200E-04,3240.000
4.76400E-04,3280.000
4.76600E-04,3320.000
4.76800E-04,3240.000
4.77000E-04,3200.000
4.77200E-04,3240.000
4.77400E-04,3280.000
4.77600E-04,3240.000
4.77800E-04,3240.000
4.78000E-04,-80.000
4.78200E-04,-40.000
4.78400E-04,-120.000
4.78600E-04,-40.000
4.78800E-04,-80.000
4.79000E-04,-40.000
4.79200E-04,-40.000
4.79400E-04,-80.000
4.79600E-04,-40.000
4.79800E-04,-80.000
4.80000E-04,-80.000
4.80200E-04,-80.000
4.80400E-04,-80.000
4.80600E-04,-40.000
4.80800E-04,-80.000
4.81000E-04,-40.000
4.81200E-04,-80.000
4.81400E-04,0.000
4.81600E-04,-80.000
4.81800E-04,-80.000
4.82000E-04,-80.000
4.82200E-04,-80.000
4.82400E-04,0.000
4.82600E-04,-80.000
4.82800E-04,-40.000
4.83000E-04,-40.000
4.83200E-04,-40.000
4.83400E-04,-80.000
4.83600E-04,-40.000
4.83800E-04,-80.000
4.84000E-04,-40.000
4.84200E-04,-40.000
4.84400E-04,-40.000
4.84600E-04,-40.000
4.84800E-04,-40.000
4.85000E-04,-80.000
4.85200E-04,-40.000
4.85400E-04,-40.000
4.85600E-04,0.000
4.85800E-04,-40.000
4.86000E-04,0.000
4.86200E-04,-40.000
4.86400E-04,0.000
4.86600E-04,3240.000
4.86800E-04,3280.000
4.87000E-04,3280.000
4.87200E-04,3280.000
4.87400E-04,3280.000
4.87600E-04,3320.000
4.87800E-04,3320.000
4.88000E-04,3280.000
4.88200E-04,3240.000
4.88400E-04,3240.000
4.88600E-04,3280.000
4.88800E-04,3240.000
4.89000E-04,3240.000
4.89200E-04,3280.000
4.89400E-04,3280.000
4.89600E-04,3280.000
4.89800E-04,3320.000
4.90000E-04,3280.000
4.90200E-04,3280.000
4.90400E-04,3320.000
4.90600E-04,3320.000
4.90800E-04,3240.000
4.91000E-04,3280.000
4.91200E-04,3280.000
4.91400E-04,3320.000
4.91600E-04,3280.000
4.91800E-04,3280.000
4.92000E-04,3320.000
4.92200E-04,3280.000
4.92400E-04,3280.000
4.92600E-04,3280.000
4.92800E-04,3240.000
4.93000E-04,3320.000
4.93200E-04,3320.000
4.93400E-04,3240.000
4.93600E-04,3280.000
4.93800E-04,3320.000
4.94000E-04,3280.000
4.94200E-04,3240.000
4.94400E-04,3280.000
4.94600E-04,3280.000
4.94800E-04,3280.000
4.95000E-04,3320.000
4.95200E-04,3240.000
4.95400E-04,3280.000
4.95600E-04,3200.000
4.95800E-04,3240.000
4.96000E-04,3240.000
4.96200E-04,3200.000
4.96400E-04,3240.000
4.96600E-04,3280.000
4.96800E-04,3280.000
4.97000E-04,3280.000
4.97200E-04,3240.000
4.97400E-04,3240.000
4.97600E-04,3240.000
4.97800E-04,3280.000
4.98000E-04,3320.000
4.98200E-04,3240.000
4.98400E-04,3240.000
4.98600E-04,3200.000
4.98800E-04,3280.000
4.99000E-04,3240.000
4.99200E-04,3280.000
4.99400E-04,3320.000
4.99600E-04,3280.000
4.99800E-04,3320.000
5.00000E-04,3240.000
5.00200E-04,3200.000
5.00400E-04,3240.000
5.00600E-04,3240.000
5.00800E-04,3240.000
5.01000E-04,3280.000
5.01200E-04,3280.000
5.01400E-04,3280.000
5.01600E-04,3280.000
5.01800E-04,3280.000
5.02000E-04,3320.000
5.02200E-04,3280.000
5.02400E-04,3240.000
5.02600E-04,3280.000
5.02800E-04,3240.000
5.03000E-04,3280.000
5.03200E-04,3320.000
5.03400E-04,3280.000
5.03600E-04,3200.000
5.03800E-04,3280.000
5.04000E-04,3240.000
5.04200E-04,3280.000
5.04400E-04,3280.000
5.04600E-04,3320.000
5.04800E-04,3280.000
5.05000E-04,3240.000
5.05200E-04,3240.000
5.05400E-04,3200.000
5.05600E-04,3200.000
5.05800E-04,3280.000
5.06000E-04,3280.000
5.06200E-04,3280.000
5.06400E-04,3200.000
5.06600E-04,3280.000
5.06800E-04,3240.000
5.07000E-04,3280.000
5.07200E-04,3240.000
5.07400E-04,3240.000
5.07600E-04,3320.000
5.07800E-04,3240.000
5.08000E-04,3280.000
5.08200E-04,3320.000
5.08400E-04,3280.000
5.08600E-04,3280.000
5.08800E-04,3320.000
5.09000E-04,3280.000
5.09200E-04,3240.000
5.09400E-04,3280.000
5.09600E-04,3240.000
5.09800E-04,3240.000
5.10000E-04,3240.000
5.10200E-04,3240.000
5.10400E-04,3280.000
5.10600E-04,3280.000
5.10800E-04,3280.000
5.11000E-04,3280.000
5.11200E-04,3280.000
5.11400E-04,3320.000
5.11600E-04,3280.000
5.11800E-04,3200.000
5.12000E-04,3280.000
5.12200E-04,3200.000
5.12400E-04,3280.000
5.12600E-04,3240.000
5.12800E-04,3240.000
5.13000E-04,3280.000
5.13200E-04,3280.000
5.13400E-04,3320.000
5.13600E-04,3280.000
5.13800E-04,3240.000
5.14000E-04,3240.000
5.14200E-04,3280.000
5.14400E-04,3240.000
5.14600E-04,3200.000
5.14800E-04,3240.000
5.15000E-04,3240.000
5.15200E-04,3200.000
5.15400E-04,3240.000
5.15600E-04,3240.000
5.15800E-04,3280.000
5.16000E-04,3240.000
5.16200E-04,3280.000
5.16400E-04,3240.000
5.16600E-04,3280.000
5.16800E-04,3280.000
5.17000E-04,3200.000
5.17200E-04,3200.000
5.17400E-04,3280.000
5.17600E-04,3200.000
5.17800E-04,3240.000
5.18000E-04,3320.000
5.18200E-04,3280.000
5.18400E-04,3320.000
5.18600E-04,3280.000
5.18800E-04,3200.000
5.19000E-04,3280.000
5.19200E-04,3280.000
5.19400E-04,3280.000
5.19600E-04,3280.000
5.19800E-04,3280.000
5.20000E-04,3320.000
5.20200E-04,3200.000
5.20400E-04,3240.000
5.20600E-04,3320.000
5.20800E-04,3280.000
5.21000E-04,3240.000
5.21200E-04,3240.000
5.21400E-04,-160.000
5.21600E-04,-40.000
5.21800E-04,-40.000
5.22000E-04,-80.000
5.22200E-04,-120.000
5.22400E-04,-120.000
5.22600E-04,-160.000
5.22800E-04,-120.000
5.23000E-04,-120.000
5.23200E-04,-120.000
5.23400E-04,-40.000
5.23600E-04,-80.000
5.23800E-04,-80.000
5.24000E-04,-80.000
5.24200E-04,-120.000
5.24400E-04,-80.000
5.24600E-04,-40.000
5.24800E-04,0.000
5.25000E-04,-80.000
5.25200E-04,-40.000
5.25400E-04,-40.000
5.25600E-04,-40.000
5.25800E-04,-80.000
5.26000E-04,-80.000
5.26200E-04,-40.000
5.26400E-04,-40.000
5.26600E-04,-40.000
5.26800E-04,0.000
5.27000E-04,-40.000
5.27200E-04,-40.000
5.27400E-04,-80.000
5.27600E-04,-80.000
5.27800E-04,-40.000
5.28000E-04,-40.000
5.28200E-04,-40.000
5.28400E-04,-40.000
5.28600E-04,-80.000
5.28800E-04,-40.000
5.29000E-04,-40.000
5.29200E-04,0.000
5.29400E-04,-40.000
5.29600E-04,-120.000
5.29800E-04,-120.000
5.30000E-04,3320.000
5.30200E-04,3240.000
5.30400E-04,3320.000
5.30600E-04,3320.000
5.30800E-04,3320.000
5.31000E-04,3240.000
5.31200E-04,3320.000
5.31400E-04,3280.000
5.31600E-04,3280.000
5.31800E-04,3240.000
5.32000E-04,3280.000
5.32200E-04,3240.000
5.32400E-04,3320.000
5.32600E-04,3240.000
5.32800E-04,3240.000
5.33000E-04,3280.000
5.33200E-04,3320.000
5.33400E-04,3320.000
5.33600E-04,3320.000
5.33800E-04,3240.000
5.34000E-04,3280.000
5.34200E-04,3320.000
5.34400E-04,3280.000
5.34600E-04,3320.000
5.34800E-04,3320.000
5.35000E-04,3240.000
5.35200E-04,3280.000
5.35400E-04,3320.000
5.35600E-04,3280.000
5.35800E-04,3240.000
5.36000E-04,3280.000
5.36200E-04,3320.000
5.36400E-04,3320.000
5.36600E-04,3240.000
5.36800E-04,3240.000
5.37000E-04,3280.000
5.37200E-04,3240.000
5.37400E-04,3200.000
5.37600E-04,3280.000
5.37800E-04,3320.000
5.38000E-04,3320.000
5.38200E-04,3200.000
5.38400E-04,3280.000
5.38600E-04,3240.000
5.38800E-04,3280.000
5.39000E-04,3240.000
5.39200E-04,3280.000
5.39400E-04,3280.000
5.39600E-04,3240.000
5.39800E-04,3280.000
5.40000E-04,3320.000
5.40200E-04,3280.000
5.40400E-04,3280.000
5.40600E-04,3320.000
5.40800E-04,3280.000
5.41000E-04,3200.000
5.41200E-04,3240.000
5.41400E-04,3320.000
5.41600E-04,3240.000
5.41800E-04,3240.000
5.42000E-04,3280.000
5.42200E-04,3280.000
5.42400E-04,3280.000
5.42600E-04,3280.000
5.42800E-04,3240.000
5.43000E-04,3240.000
5.43200E-04,3320.000
5.43400E-04,3280.000
5.43600E-04,3280.000
5.43800E-04,3320.000
5.44000E-04,3280.000
5.44200E-04,3320.000
5.44400E-04,3320.000
5.44600E-04,3200.000
5.44800E-04,3240.000
5.45000E-04,3280.000
5.45200E-04,3320.000
5.45400E-04,3320.000
5.45600E-04,3320.000
5.45800E-04,3240.000
5.46000E-04,3280.000
5.46200E-04,3320.000
5.46400E-04,3280.000
5.46600E-04,3280.000
5.46800E-04,3240.000
5.47000E-04,3280.000
5.47200E-04,3320.000
5.47400E-04,-80.000
5.47600E-04,-40.000
5.47800E-04,-40.000
5.48000E-04,-80.000
5.48200E-04,-160.000
5.48400E-04,-120.000
5.48600E-04,-80.000
5.48800E-04,-40.000
5.49000E-04,-80.000
5.49200E-04,-80.000
5.49400E-04,-80.000
5.49600E-04,-80.000
5.49800E-04,-80.000
5.50000E-04,-40.000
5.50200E-04,-40.000
5.50400E-04,0.000
5.50600E-04,-40.000
5.50800E-04,-80.000
5.51000E-04,-80.000
5.51200E-04,-40.000
5.51400E-04,-80.000
5.51600E-04,-40.000
5.51800E-04,-40.000
5.52000E-04,-80.000
5.52200E-04,-80.000
5.52400E-04,-40.000
5.52600E-04,-80.000
5.52800E-04,-80.000
5.53000E-04,-80.000
5.53200E-04,-40.000
5.53400E-04,-40.000
5.53600E-04,-40.000
5.53800E-04,-40.000
5.54000E-04,0.000
5.54200E-04,0.000
5.54400E-04,-40.000
5.54600E-04,-40.000
5.54800E-04,-40.000
5.55000E-04,-40.000
5.55200E-04,-40.000
5.55400E-04,-40.000
5.55600E-04,-40.000
5.55800E-04,-80.000
5.56000E-04,3280.000
5.56200E-04,3280.000
5.56400E-04,3320.000
5.56600E-04,3360.000
5.56800E-04,3320.000
5.57000E-04,3320.000
5.57200E-04,3360.000
5.57400E-04,3240.000
5.57600E-04,3280.000
5.57800E-04,3320.000
5.58000E-04,3280.000
5.58200E-04,3320.000
5.58400E-04,3320.000
5.58600E-04,3240.000
5.58800E-04,3280.000
5.59000E-04,3280.000
5.59200E-04,3280.000
5.59400E-04,3280.000
5.59600E-04,3320.000
5.59800E-04,3280.000
5.60000E-04,3240.000
5.60200E-04,3240.000
5.60400E-04,3280.000
5.60600E-04,3280.000
5.60800E-04,3280.000
5.61000E-04,3320.000
5.61200E-04,3280.000
5.61400E-04,3240.000
5.61600E-04,3280.000
5.61800E-04,3320.000
5.62000E-04,3320.000
5.62200E-04,3320.000
5.62400E-04,3320.000
5.62600E-04,3320.000
5.62800E-04,3240.000
5.63000E-04,3280.000
5.63200E-04,3280.000
5.63400E-04,3280.000
5.63600E-04,3240.000
5.63800E-04,3280.000
5.64000E-04,3280.000
5.64200E-04,3240.000
5.64400E-04,3320.000
5.64600E-04,3240.000
5.64800E-04,-80.000
5.65000E-04,-80.000
5.65200E-04,-80.000
5.65400E-04,-120.000
5.65600E-04,-40.000
5.65800E-04,-80.000
5.66000E-04,-80.000
5.66200E-04,-80.000
5.66400E-04,-40.000
5.66600E-04,-40.000
5.66800E-04,-80.000
5.67000E-04,-80.000
5.67200E-04,-80.000
5.67400E-04,0.000
5.67600E-04,-40.000
5.67800E-04,-40.000
5.68000E-04,-80.000
5.68200E-04,-40.000
5.68400E-04,-80.000
5.68600E-04,-40.000
5.68800E-04,-80.000
5.69000E-04,-40.000
5.69200E-04,-40.000
5.69400E-04,-80.000
5.69600E-04,-40.000
5.69800E-04,-40.000
5.70000E-04,0.000
5.70200E-04,-40.000
5.70400E-04,-80.000
5.70600E-04,-80.000
5.70800E-04,-80.000
5.71000E-04,-80.000
5.71200E-04,40.000
5.71400E-04,0.000
5.71600E-04,-40.000
5.71800E-04,0.000
5.72000E-04,-40.000
5.72200E-04,0.000
5.72400E-04,-40.000
5.72600E-04,0.000
5.72800E-04,-40.000
5.73000E-04,0.000
5.73200E-04,-40.000
5.73400E-04,0.000
5.73600E-04,-40.000
5.73800E-04,-40.000
5.74000E-04,-40.000
5.74200E-04,-40.000
5.74400E-04,-40.000
5.74600E-04,-40.000
5.74800E-04,-40.000
5.75000E-04,-40.000
5.75200E-04,-40.000
5.75400E-04,-40.000
5.75600E-04,-40.000
5.75800E-04,-40.000
5.76000E-04,-40.000
5.76200E-04,-40.000
5.76400E-04,0.000
5.76600E-04,-40.000
5.76800E-04,-40.000
5.77000E-04,-40.000
5.77200E-04,0.000
5.77400E-04,-40.000
5.77600E-04,-40.000
5.77800E-04,-40.000
5.78000E-04,-40.000
5.78200E-04,-40.000
5.78400E-04,-40.000
5.78600E-04,-80.000
5.78800E-04,0.000
5.79000E-04,-40.000
5.79200E-04,-40.000
5.79400E-04,-40.000
5.79600E-04,-80.000
5.79800E-04,-80.000
5.80000E-04,0.000
5.80200E-04,-40.000
5.80400E-04,-40.000
5.80600E-04,-40.000
5.80800E-04,-40.000
5.81000E-04,-40.000
5.81200E-04,-40.000
5.81400E-04,-40.000
5.81600E-04,-40.000
5.81800E-04,0.000
5.82000E-04,-40.000
5.82200E-04,0.000
5.82400E-04,0.000
5.82600E-04,-40.000
5.82800E-04,-80.000
5.83000E-04,-40.000
5.83200E-04,-40.000
5.83400E-04,-80.000
5.83600E-04,-80.000
5.83800E-04,-80.000
5.84000E-04,0.000
5.84200E-04,-40.000
5.84400E-04,-40.000
5.84600E-04,-40.000
5.84800E-04,0.000
5.85000E-04,-40.000
5.85200E-04,40.000
5.85400E-04,-40.000
5.85600E-04,-120.000
5.85800E-04,-80.000
5.86000E-04,-80.000
5.86200E-04,-80.000
5.86400E-04,-80.000
5.86600E-04,-80.000
5.86800E-04,-80.000
5.87000E-04,-80.000
5.87200E-04,-80.000
5.87400E-04,0.000
5.87600E-04,0.000
5.87800E-04,-40.000
5.88000E-04,-40.000
5.88200E-04,-40.000
5.88400E-04,-40.000
5.88600E-04,-40.000
5.88800E-04,-40.000
5.89000E-04,-40.000
5.89200E-04,-40.000
5.89400E-04,-40.000
5.89600E-04,-40.000
5.89800E-04,-40.000
5.90000E-04,-40.000
5.90200E-04,-40.000
5.90400E-04,-40.000
5.90600E-04,-40.000
5.90800E-04,-40.000
5.91000E-04,-40.000
5.91200E-04,-40.000
5.91400E-04,0.000
5.91600E-04,-40.000
5.91800E-04,0.000
5.92000E-04,-40.000
5.92200E-04,0.000
5.92400E-04,-40.000
5.92600E-04,-80.000
5.92800E-04,-80.000
5.93000E-04,-80.000
5.93200E-04,0.000
5.93400E-04,-40.000
5.93600E-04,-40.000
5.93800E-04,-40.000
5.94000E-04,0.000
5.94200E-04,-40.000
5.94400E-04,-40.000
5.94600E-04,-40.000
5.94800E-04,-40.000
5.95000E-04,-40.000
5.95200E-04,-40.000
5.95400E-04,-40.000
5.95600E-04,-80.000
5.95800E-04,-80.000
5.96000E-04,0.000
5.96200E-04,-40.000
5.96400E-04,-40.000
5.96600E-04,-40.000
5.96800E-04,-40.000
5.97000E-04,0.000
5.97200E-04,-40.000
5.97400E-04,0.000
5.97600E-04,0.000
5.97800E-04,-40.000
5.98000E-04,-80.000
5.98200E-04,0.000
5.98400E-04,0.000
5.98600E-04,-40.000
5.98800E-04,-40.000
5.99000E-04,-40.000
5.99200E-04,-40.000
5.99400E-04,-40.000
5.99600E-04,-40.000
5.99800E-04,-40.000
6.00000E-04,-40.000
6.00200E-04,-40.000
6.00400E-04,-80.000
6.00600E-04,-80.000
6.00800E-04,0.000
6.01000E-04,-40.000
6.01200E-04,-40.000
6.01400E-04,-40.000
6.01600E-04,-40.000
6.01800E-04,-40.000
6.02000E-04,-40.000
6.02200E-04,-40.000
6.02400E-04,-40.000
6.02600E-04,-40.000
6.02800E-04,-40.000
6.03000E-04,0.000
6.03200E-04,-40.000
6.03400E-04,-40.000
6.03600E-04,-40.000
6.03800E-04,0.000
6.04000E-04,0.000
6.04200E-04,-40.000
6.04400E-04,0.000
6.04600E-04,-40.000
6.04800E-04,0.000
6.05000E-04,-40.000
6.05200E-04,-80.000
6.05400E-04,0.000
6.05600E-04,-40.000
6.05800E-04,-40.000
6.06000E-04,-40.000
6.06200E-04,-40.000
6.06400E-04,-40.000
6.06600E-04,-80.000
6.06800E-04,0.000
6.07000E-04,-40.000
6.07200E-04,-40.000
6.07400E-04,-40.000
6.07600E-04,0.000
6.07800E-04,-40.000
6.08000E-04,-40.000
6.08200E-04,-40.000
6.08400E-04,-40.000
6.08600E-04,0.000
6.08800E-04,-40.000
6.09000E-04,-40.000
6.09200E-04,-40.000
6.09400E-04,-40.000
6.09600E-04,-40.000
6.09800E-04,-80.000
6.10000E-04,-80.000
6.10200E-04,-80.000
6.10400E-04,-80.000
6.10600E-04,0.000
6.10800E-04,0.000
6.11000E-04,-40.000
6.11200E-04,-80.000
6.11400E-04,0.000
6.11600E-04,0.000
6.11800E-04,-40.000
6.12000E-04,-40.000
6.12200E-04,-40.000
6.12400E-04,-40.000
6.12600E-04,0.000
6.12800E-04,0.000
6.13000E-04,-40.000
6.13200E-04,0.000
6.13400E-04,-40.000
6.13600E-04,-80.000
6.13800E-04,-80.000
6.14000E-04,0.000
6.14200E-04,-40.000
6.14400E-04,-40.000
6.14600E-04,-40.000
6.14800E-04,0.000
6.15000E-04,0.000
6.15200E-04,-80.000
6.15400E-04,-80.000
6.15600E-04,-80.000
6.15800E-04,0.000
6.16000E-04,-40.000
6.16200E-04,-40.000
6.16400E-04,-40.000
6.16600E-04,-40.000
6.16800E-04,3240.000
6.17000E-04,3280.000
6.17200E-04,3360.000
6.17400E-04,3280.000
6.17600E-04,3320.000
6.17800E-04,3360.000
6.18000E-04,3320.000
6.18200E-04,3360.000
6.18400E-04,3280.000
6.18600E-04,3280.000
6.18800E-04,3280.000
6.19000E-04,3320.000
6.19200E-04,3280.000
6.19400E-04,3280.000
6.19600E-04,3320.000
6.19800E-04,3280.000
6.20000E-04,3320.000
6.20200E-04,3320.000
6.20400E-04,3320.000
6.20600E-04,3200.000
6.20800E-04,3240.000
6.21000E-04,3320.000
6.21200E-04,3280.000
6.21400E-04,3320.000
6.21600E-04,3320.000
6.21800E-04,3240.000
6.22000E-04,3240.000
6.22200E-04,3280.000
6.22400E-04,3320.000
6.22600E-04,3320.000
6.22800E-04,3320.000
6.23000E-04,3280.000
6.23200E-04,3320.000
6.23400E-04,3240.000
6.23600E-04,3240.000
6.23800E-04,3280.000
6.24000E-04,3240.000
6.24200E-04,3280.000
6.24400E-04,3320.000
6.24600E-04,3280.000
6.24800E-04,3240.000
6.25000E-04,3240.000
6.25200E-04,3280.000
6.25400E-04,-240.000
6.25600E-04,-80.000
6.25800E-04,-80.000
6.26000E-04,-40.000
6.26200E-04,-80.000
6.26400E-04,-40.000
6.26600E-04,-80.000
6.26800E-04,-80.000
6.27000E-04,-80.000
6.27200E-04,-80.000
6.27400E-04,-80.000
6.27600E-04,-40.000
6.27800E-04,0.000
6.28000E-04,-40.000
6.28200E-04,-40.000
6.28400E-04,-40.000
6.28600E-04,0.000
6.28800E-04,-40.000
6.29000E-04,-80.000
6.29200E-04,-80.000
6.29400E-04,-40.000
6.29600E-04,-80.000
6.29800E-04,-40.000
6.30000E-04,-40.000
6.30200E-04,-120.000
6.30400E-04,-120.000
6.30600E-04,-80.000
6.30800E-04,-80.000
6.31000E-04,-80.000
6.31200E-04,-40.000
6.31400E-04,0.000
6.31600E-04,-40.000
6.31800E-04,-80.000
6.32000E-04,0.000
6.32200E-04,0.000
6.32400E-04,-40.000
6.32600E-04,-40.000
6.32800E-04,-40.000
6.33000E-04,-40.000
6.33200E-04,-40.000
6.33400E-04,-80.000
6.33600E-04,-80.000
6.33800E-04,0.000
6.34000E-04,-40.000
6.34200E-04,-80.000
6.34400E-04,-80.000
6.34600E-04,0.000
6.34800E-04,-40.000
6.35000E-04,-40.000
6.35200E-04,-40.000
6.35400E-04,-80.000
6.35600E-04,-40.000
6.35800E-04,-40.000
6.36000E-04,-40.000
6.36200E-04,-40.000
6.36400E-04,-40.000
6.36600E-04,-40.000
6.36800E-04,-40.000
6.37000E-04,-40.000
6.37200E-04,-40.000
6.37400E-04,-80.000
6.37600E-04,0.000
6.37800E-04,0.000
6.38000E-04,-40.000
6.38200E-04,-40.000
6.38400E-04,-40.000
6.38600E-04,-40.000
6.38800E-04,-40.000
6.39000E-04,0.000
6.39200E-04,-40.000
6.39400E-04,-40.000
6.39600E-04,-40.000
6.39800E-04,-40.000
6.40000E-04,-40.000
6.40200E-04,-40.000
6.40400E-04,-40.000
6.40600E-04,-40.000
6.40800E-04,-40.000
6.41000E-04,-40.000
6.41200E-04,0.000
6.41400E-04,-40.000
6.41600E-04,-40.000
6.41800E-04,-40.000
6.42000E-04,-40.000
6.42200E-04,-40.000
6.42400E-04,-40.000
6.42600E-04,-40.000
6.42800E-04,3320.000
6.43000E-04,3280.000
6.43200E-04,3320.000
6.43400E-04,3280.000
6.43600E-04,3240.000
6.43800E-04,3320.000
6.44000E-04,3320.000
6.44200E-04,3240.000
6.44400E-04,3280.000
6.44600E-04,3320.000
6.44800E-04,3360.000
6.45000E-04,3280.000
6.45200E-04,3320.000
6.45400E-04,3280.000
6.45600E-04,3280.000
6.45800E-04,3320.000
6.46000E-04,3280.000
6.46200E-04,3320.000
6.46400E-04,3320.000
6.46600E-04,3240.000
6.46800E-04,3240.000
6.47000E-04,3280.000
6.47200E-04,3200.000
6.47400E-04,3280.000
6.47600E-04,3280.000
6.47800E-04,3280.000
6.48000E-04,3240.000
6.48200E-04,3280.000
6.48400E-04,3240.000
6.48600E-04,3320.000
6.48800E-04,3240.000
6.49000E-04,3280.000
6.49200E-04,3280.000
6.49400E-04,3280.000
6.49600E-04,3240.000
6.49800E-04,3240.000
6.50000E-04,3280.000
6.50200E-04,3320.000
6.50400E-04,3280.000
6.50600E-04,3320.000
6.50800E-04,3240.000
6.51000E-04,3240.000
6.51200E-04,3280.000
6.51400E-04,3320.000
6.51600E-04,-80.000
6.51800E-04,-120.000
6.52000E-04,-40.000
6.52200E-04,-80.000
6.52400E-04,-80.000
6.52600E-04,-80.000
6.52800E-04,-80.000
6.53000E-04,-40.000
6.53200E-04,-80.000
6.53400E-04,-40.000
6.53600E-04,-80.000
6.53800E-04,-80.000
6.54000E-04,-80.000
6.54200E-04,-80.000
6.54400E-04,-80.000
6.54600E-04,-80.000
6.54800E-04,-40.000
6.55000E-04,-40.000
6.55200E-04,-40.000
6.55400E-04,-80.000
6.55600E-04,-80.000
6.55800E-04,-40.000
6.56000E-04,-120.000
6.56200E-04,-80.000
6.56400E-04,-80.000
6.56600E-04,0.000
6.56800E-04,-40.000
6.57000E-04,-40.000
6.57200E-04,-40.000
6.57400E-04,-80.000
6.57600E-04,0.000
6.57800E-04,-40.000
6.58000E-04,0.000
6.58200E-04,-40.000
6.58400E-04,-80.000
6.58600E-04,-80.000
6.58800E-04,-80.000
6.59000E-04,-80.000
6.59200E-04,0.000
6.59400E-04,-40.000
6.59600E-04,-40.000
6.59800E-04,-40.000
6.60000E-04,0.000
6.60200E-04,3280.000
6.60400E-04,3240.000
6.60600E-04,3360.000
6.60800E-04,3280.000
6.61000E-04,3360.000
6.61200E-04,3280.000
6.61400E-04,3320.000
6.61600E-04,3280.000
6.61800E-04,3320.000
6.62000E-04,3320.000
6.62200E-04,3320.000
6.62400E-04,3320.000
6.62600E-04,3240.000
6.62800E-04,3280.000
6.63000E-04,3320.000
6.63200E-04,3280.000
6.63400E-04,3240.000
6.63600E-04,3240.000
6.63800E-04,3280.000
6.64000E-04,3280.000
6.64200E-04,3280.000
6.64400E-04,3320.000
6.64600E-04,3280.000
6.64800E-04,3240.000
6.65000E-04,3280.000
6.65200E-04,3320.000
6.65400E-04,3240.000
6.65600E-04,3280.000
6.65800E-04,3320.000
6.66000E-04,3280.000
6.66200E-04,3240.000
6.66400E-04,3280.000
6.66600E-04,3320.000
6.66800E-04,3280.000
6.67000E-04,3240.000
6.67200E-04,3280.000
6.67400E-04,3280.000
6.67600E-04,3320.000
6.67800E-04,3280.000
6.68000E-04,3240.000
6.68200E-04,3240.000
6.68400E-04,3280.000
6.68600E-04,3280.000
6.68800E-04,3240.000
6.69000E-04,3240.000
6.69200E-04,3280.000
6.69400E-04,3280.000
6.69600E-04,3320.000
6.69800E-04,3280.000
6.70000E-04,3240.000
6.70200E-04,3280.000
6.70400E-04,3240.000
6.70600E-04,3280.000
6.70800E-04,3240.000
6.71000E-04,3280.000
6.71200E-04,3320.000
6.71400E-04,3280.000
6.71600E-04,3280.000
6.71800E-04,3280.000
6.72000E-04,3280.000
6.72200E-04,3280.000
6.72400E-04,3320.000
6.72600E-04,3280.000
6.72800E-04,3240.000
6.73000E-04,3280.000
6.73200E-04,3280.000
6.73400E-04,3240.000
6.73600E-04,3200.000
6.73800E-04,3280.000
6.74000E-04,3280.000
6.74200E-04,3280.000
6.74400E-04,3280.000
6.74600E-04,3280.000
6.74800E-04,3240.000
6.75000E-04,3320.000
6.75200E-04,3280.000
6.75400E-04,3280.000
6.75600E-04,3320.000
6.75800E-04,3280.000
6.76000E-04,3240.000
6.76200E-04,3280.000
6.76400E-04,3280.000
6.76600E-04,3280.000
6.76800E-04,3280.000
6.77000E-04,3280.000
6.77200E-04,3240.000
6.77400E-04,3240.000
6.77600E-04,3200.000
6.77800E-04,3240.000
6.78000E-04,3240.000
6.78200E-04,3280.000
6.78400E-04,3280.000
6.78600E-04,3320.000
6.78800E-04,3280.000
6.79000E-04,3240.000
6.79200E-04,3240.000
6.79400E-04,3280.000
6.79600E-04,3280.000
6.79800E-04,3280.000
6.80000E-04,3280.000
6.80200E-04,3280.000
6.80400E-04,3280.000
6.80600E-04,3320.000
6.80800E-04,3280.000
6.81000E-04,3320.000
6.81200E-04,3240.000
6.81400E-04,3240.000
6.81600E-04,3320.000
6.81800E-04,3280.000
6.82000E-04,3200.000
6.82200E-04,3280.000
6.82400E-04,3320.000
6.82600E-04,3240.000
6.82800E-04,3280.000
6.83000E-04,3280.000
6.83200E-04,3280.000
6.83400E-04,3280.000
6.83600E-04,3280.000
6.83800E-04,3320.000
6.84000E-04,3280.000
6.84200E-04,3320.000
6.84400E-04,3200.000
6.84600E-04,3240.000
6.84800E-04,3320.000
6.85000E-04,3280.000
6.85200E-04,3200.000
6.85400E-04,3240.000
6.85600E-04,3200.000
6.85800E-04,3240.000
6.86000E-04,3240.000
6.86200E-04,0.000
6.86400E-04,-80.000
6.86600E-04,-80.000
6.86800E-04,-80.000
6.87000E-04,-80.000
6.87200E-04,-80.000
6.87400E-04,-120.000
6.87600E-04,-40.000
6.87800E-04,-40.000
6.88000E-04,-80.000
6.88200E-04,-80.000
6.88400E-04,-80.000
6.88600E-04,-80.000
6.88800E-04,-80.000
6.89000E-04,-80.000
6.89200E-04,0.000
6.89400E-04,0.000
6.89600E-04,-40.000
6.89800E-04,-80.000
6.90000E-04,-40.000
6.90200E-04,-80.000
6.90400E-04,-40.000
6.90600E-04,-40.000
6.90800E-04,-40.000
6.91000E-04,-40.000
6.91200E-04,-80.000
6.91400E-04,-40.000
6.91600E-04,-40.000
6.91800E-04,-40.000
6.92000E-04,-40.000
6.92200E-04,-40.000
6.92400E-04,-40.000
6.92600E-04,-80.000
6.92800E-04,-40.000
6.93000E-04,-40.000
6.93200E-04,-80.000
6.93400E-04,-80.000
6.93600E-04,-80.000
6.93800E-04,-120.000
6.94000E-04,-80.000
6.94200E-04,-80.000
6.94400E-04,-40.000
6.94600E-04,-40.000
6.94800E-04,-40.000
6.95000E-04,3280.000
6.95200E-04,3320.000
6.95400E-04,3320.000
6.95600E-04,3320.000
6.95800E-04,3320.000
6.96000E-04,3240.000
6.96200E-04,3280.000
6.96400E-04,3280.000
6.96600E-04,3320.000
6.96800E-04,3280.000
6.97000E-04,3240.000
6.97200E-04,3240.000
6.97400E-04,3280.000
6.97600E-04,3240.000
6.97800E-04,3280.000
6.98000E-04,3320.000
6.98200E-04,3280.000
6.98400E-04,3240.000
6.98600E-04,3280.000
6.98800E-04,3280.000
6.99000E-04,3280.000
6.99200E-04,3320.000
6.99400E-04,3240.000
6.99600E-04,3320.000
6.99800E-04,3320.000
7.00000E-04,3240.000
7.00200E-04,3280.000
7.00400E-04,3280.000
7.00600E-04,3280.000
7.00800E-04,3280.000
7.01000E-04,3320.000
7.01200E-04,3280.000
7.01400E-04,3240.000
7.01600E-04,3280.000
7.01800E-04,3280.000
7.02000E-04,3280.000
7.02200E-04,3240.000
7.02400E-04,3320.000
7.02600E-04,3280.000
7.02800E-04,3240.000
7.03000E-04,3240.000
7.03200E-04,3280.000
7.03400E-04,3240.000
7.03600E-04,-80.000
7.03800E-04,-80.000
7.04000E-04,-80.000
7.04200E-04,-120.000
7.04400E-04,-40.000
7.04600E-04,-40.000
7.04800E-04,-80.000
7.05000E-04,-40.000
7.05200E-04,-40.000
7.05400E-04,-80.000
7.05600E-04,-40.000
7.05800E-04,-40.000
7.06000E-04,-40.000
7.06200E-04,-40.000
7.06400E-04,-40.000
7.06600E-04,-80.000
7.06800E-04,0.000
7.07000E-04,-80.000
7.07200E-04,0.000
7.07400E-04,-40.000
7.07600E-04,-80.000
7.07800E-04,-80.000
7.08000E-04,0.000
7.08200E-04,-40.000
7.08400E-04,-80.000
7.08600E-04,-40.000
7.08800E-04,-40.000
7.09000E-04,-40.000
7.09200E-04,-80.000
7.09400E-04,-80.000
7.09600E-04,-80.000
7.09800E-04,0.000
7.10000E-04,-40.000
7.10200E-04,0.000
7.10400E-04,-40.000
7.10600E-04,-80.000
7.10800E-04,-40.000
7.11000E-04,-80.000
7.11200E-04,0.000
7.11400E-04,0.000
7.11600E-04,-40.000
7.11800E-04,0.000
7.12000E-04,-80.000
7.12200E-04,3400.000
7.12400E-04,3280.000
7.12600E-04,3320.000
7.12800E-04,3280.000
7.13000E-04,3240.000
7.13200E-04,3280.000
7.13400E-04,3280.000
7.13600E-04,3320.000
7.13800E-04,3280.000
7.14000E-04,3240.000
7.14200E-04,3240.000
7.14400E-04,3280.000
7.14600E-04,3320.000
7.14800E-04,3240.000
7.15000E-04,3280.000
7.15200E-04,3280.000
7.15400E-04,3320.000
7.15600E-04,3280.000
7.15800E-04,3320.000
7.16000E-04,3320.000
7.16200E-04,3240.000
7.16400E-04,3240.000
7.16600E-04,3280.000
7.16800E-04,3200.000
7.17000E-04,3280.000
7.17200E-04,3240.000
7.17400E-04,3240.000
7.17600E-04,3280.000
7.17800E-04,3280.000
7.18000E-04,3240.000
7.18200E-04,3320.000
7.18400E-04,3280.000
7.18600E-04,3280.000
7.18800E-04,3240.000
7.19000E-04,3320.000
7.19200E-04,3280.000
7.19400E-04,3280.000
7.19600E-04,3320.000
7.19800E-04,3320.000
7.20000E-04,3320.000
7.20200E-04,3280.000
7.20400E-04,3320.000
7.20600E-04,3200.000
7.20800E-04,3240.000
7.21000E-04,-80.000
7.21200E-04,-120.000
7.21400E-04,-40.000
7.21600E-04,-80.000
7.21800E-04,-80.000
7.22000E-04,-80.000
7.22200E-04,0.000
7.22400E-04,-80.000
7.22600E-04,-80.000
7.22800E-04,-80.000
7.23000E-04,-80.000
7.23200E-04,0.000
7.23400E-04,-40.000
7.23600E-04,-80.000
7.23800E-04,-40.000
7.24000E-04,-40.000
7.24200E-04,-80.000
7.24400E-04,-80.000
7.24600E-04,-40.000
7.24800E-04,-40.000
7.25000E-04,-80.000
7.25200E-04,0.000
7.25400E-04,-80.000
7.25600E-04,-40.000
7.25800E-04,-40.000
7.26000E-04,-40.000
7.26200E-04,-40.000
7.26400E-04,0.000
7.26600E-04,-40.000
7.26800E-04,-40.000
7.27000E-04,-40.000
7.27200E-04,-40.000
7.27400E-04,0.000
7.27600E-04,0.000
7.27800E-04,-40.000
7.28000E-04,0.000
7.28200E-04,0.000
7.28400E-04,-80.000
7.28600E-04,0.000
7.28800E-04,-40.000
7.29000E-04,0.000
7.29200E-04,-40.000
7.29400E-04,-40.000
7.29600E-04,3320.000
7.29800E-04,3320.000
7.30000E-04,3280.000
7.30200E-04,3320.000
7.30400E-04,3320.000
7.30600E-04,3320.000
7.30800E-04,3280.000
7.31000E-04,3240.000
7.31200E-04,3320.000
7.31400E-04,3280.000
7.31600E-04,3320.000
7.31800E-04,3280.000
7.32000E-04,3320.000
7.32200E-04,3240.000
7.32400E-04,3280.000
7.32600E-04,3320.000
7.32800E-04,3280.000
7.33000E-04,3240.000
7.33200E-04,3280.000
7.33400E-04,3280.000
7.33600E-04,3240.000
7.33800E-04,3280.000
7.34000E-04,3280.000
7.34200E-04,3280.000
7.34400E-04,3280.000
7.34600E-04,3280.000
7.34800E-04,3280.000
7.35000E-04,3280.000
7.35200E-04,3240.000
7.35400E-04,3280.000
7.35600E-04,3280.000
7.35800E-04,3320.000
7.36000E-04,3280.000
7.36200E-04,3320.000
7.36400E-04,3240.000
7.36600E-04,3240.000
7.36800E-04,3280.000
7.37000E-04,3280.000
7.37200E-04,3320.000
7.37400E-04,3280.000
7.37600E-04,3240.000
7.37800E-04,3240.000
7.38000E-04,3280.000
7.38200E-04,3280.000
7.38400E-04,-40.000
7.38600E-04,-80.000
7.38800E-04,-80.000
7.39000E-04,-80.000
7.39200E-04,-80.000
7.39400E-04,-40.000
7.39600E-04,-40.000
7.39800E-04,-40.000
7.40000E-04,-80.000
7.40200E-04,-80.000
7.40400E-04,-80.000
7.40600E-04,-80.000
7.40800E-04,-80.000
7.41000E-04,-80.000
7.41200E-04,-80.000
7.41400E-04,0.000
7.41600E-04,-80.000
7.41800E-04,-40.000
7.42000E-04,-40.000
7.42200E-04,-80.000
7.42400E-04,-80.000
7.42600E-04,-120.000
7.42800E-04,-80.000
7.43000E-04,0.000
7.43200E-04,0.000
7.43400E-04,-80.000
7.43600E-04,-80.000
7.43800E-04,0.000
7.44000E-04,0.000
7.44200E-04,-40.000
7.44400E-04,-40.000
7.44600E-04,-40.000
7.44800E-04,-40.000
7.45000E-04,-40.000
7.45200E-04,-80.000
7.45400E-04,-40.000
7.45600E-04,0.000
7.45800E-04,-40.000
7.46000E-04,-80.000
7.46200E-04,-80.000
7.46400E-04,0.000
7.46600E-04,-40.000
7.46800E-04,-40.000
7.47000E-04,3320.000
7.47200E-04,3280.000
7.47400E-04,3280.000
7.47600E-04,3320.000
7.47800E-04,3360.000
7.48000E-04,3280.000
7.48200E-04,3320.000
7.48400E-04,3240.000
7.48600E-04,3280.000
7.48800E-04,3320.000
7.49000E-04,3280.000
7.49200E-04,3280.000
7.49400E-04,3320.000
7.49600E-04,3280.000
7.49800E-04,3320.000
7.50000E-04,3320.000
7.50200E-04,3240.000
7.50400E-04,3280.000
7.50600E-04,3280.000
7.50800E-04,3280.000
7.51000E-04,3320.000
7.51200E-04,3280.000
7.51400E-04,3240.000
7.51600E-04,3240.000
7.51800E-04,3320.000
7.52000E-04,3280.000
7.52200E-04,3320.000
7.52400E-04,3240.000
7.52600E-04,3240.000
7.52800E-04,3280.000
7.53000E-04,3240.000
7.53200E-04,3240.000
7.53400E-04,3240.000
7.53600E-04,3240.000
7.53800E-04,3240.000
7.54000E-04,3280.000
7.54200E-04,3280.000
7.54400E-04,3320.000
7.54600E-04,3280.000
7.54800E-04,3200.000
7.55000E-04,3280.000
7.55200E-04,3200.000
7.55400E-04,3280.000
7.55600E-04,3280.000
7.55800E-04,3320.000
7.56000E-04,3240.000
7.56200E-04,3280.000
7.56400E-04,3320.000
7.56600E-04,3200.000
7.56800E-04,3240.000
7.57000E-04,3240.000
7.57200E-04,3240.000
7.57400E-04,3280.000
7.57600E-04,3280.000
7.57800E-04,3320.000
7.58000E-04,3240.000
7.58200E-04,3320.000
7.58400E-04,3320.000
7.58600E-04,3320.000
7.58800E-04,3200.000
7.59000E-04,3240.000
7.59200E-04,3240.000
7.59400E-04,3320.000
7.59600E-04,3280.000
7.59800E-04,3240.000
7.60000E-04,3280.000
7.60200E-04,3320.000
7.60400E-04,3280.000
7.60600E-04,3320.000
7.60800E-04,3320.000
7.61000E-04,3280.000
7.61200E-04,3280.000
7.61400E-04,3200.000
7.61600E-04,3240.000
7.61800E-04,3280.000
7.62000E-04,3280.000
7.62200E-04,3280.000
7.62400E-04,3280.000
7.62600E-04,3280.000
7.62800E-04,3320.000
7.63000E-04,3280.000
7.63200E-04,3240.000
7.63400E-04,3280.000
7.63600E-04,3280.000
7.63800E-04,3280.000
7.64000E-04,3280.000
7.64200E-04,3320.000
7.64400E-04,3240.000
7.64600E-04,3200.000
7.64800E-04,3240.000
7.65000E-04,3280.000
7.65200E-04,3280.000
7.65400E-04,3320.000
7.65600E-04,3240.000
7.65800E-04,3280.000
7.66000E-04,3200.000
7.66200E-04,3280.000
7.66400E-04,3320.000
7.66600E-04,3280.000
7.66800E-04,3240.000
7.67000E-04,3240.000
7.67200E-04,3280.000
7.67400E-04,3240.000
7.67600E-04,3280.000
7.67800E-04,3280.000
7.68000E-04,3280.000
7.68200E-04,3280.000
7.68400E-04,3280.000
7.68600E-04,3280.000
7.68800E-04,3280.000
7.69000E-04,3200.000
7.69200E-04,3240.000
7.69400E-04,3280.000
7.69600E-04,3320.000
7.69800E-04,3280.000
7.70000E-04,3240.000
7.70200E-04,3240.000
7.70400E-04,3240.000
7.70600E-04,3200.000
7.70800E-04,3280.000
7.71000E-04,3320.000
7.71200E-04,3280.000
7.71400E-04,3280.000
7.71600E-04,3320.000
7.71800E-04,3320.000
7.72000E-04,3280.000
7.72200E-04,3280.000
7.72400E-04,3240.000
7.72600E-04,3280.000
7.72800E-04,3280.000
7.73000E-04,3280.000
7.73200E-04,3280.000
7.73400E-04,3280.000
7.73600E-04,3320.000
7.73800E-04,3280.000
7.74000E-04,3320.000
7.74200E-04,3240.000
7.74400E-04,3280.000
7.74600E-04,3320.000
7.74800E-04,3280.000
7.75000E-04,3200.000
7.75200E-04,3280.000
7.75400E-04,3320.000
7.75600E-04,3240.000
7.75800E-04,3240.000
7.76000E-04,3200.000
7.76200E-04,3240.000
7.76400E-04,3240.000
7.76600E-04,3280.000
7.76800E-04,3320.000
7.77000E-04,3280.000
7.77200E-04,3240.000
7.77400E-04,3240.000
7.77600E-04,3280.000
7.77800E-04,3280.000
7.78000E-04,3280.000
7.78200E-04,3320.000
7.78400E-04,3280.000
7.78600E-04,3280.000
7.78800E-04,3320.000
7.79000E-04,3240.000
7.79200E-04,3240.000
7.79400E-04,3240.000
7.79600E-04,3240.000
7.79800E-04,3280.000
7.80000E-04,3240.000
7.80200E-04,3280.000
7.80400E-04,3240.000
7.80600E-04,3280.000
7.80800E-04,3200.000
7.81000E-04,3280.000
7.81200E-04,3280.000
7.81400E-04,3280.000
7.81600E-04,3280.000
7.81800E-04,-40.000
7.82000E-04,-80.000
7.82200E-04,-80.000
7.82400E-04,-80.000
7.82600E-04,-80.000
7.82800E-04,-80.000
7.83000E-04,-80.000
7.83200E-04,-80.000
7.83400E-04,-80.000
7.83600E-04,-80.000
7.83800E-04,-120.000
7.84000E-04,-40.000
7.84200E-04,-80.000
7.84400E-04,-40.000
7.84600E-04,-40.000
7.84800E-04,-120.000
7.85000E-04,0.000
7.85200E-04,-40.000
7.85400E-04,-80.000
7.85600E-04,-80.000
7.85800E-04,-40.000
7.86000E-04,0.000
7.86200E-04,-80.000
7.86400E-04,-40.000
7.86600E-04,-40.000
7.86800E-04,-80.000
7.87000E-04,-40.000
7.87200E-04,-40.000
7.87400E-04,-40.000
7.87600E-04,-40.000
7.87800E-04,-40.000
7.88000E-04,-40.000
7.88200E-04,-40.000
7.88400E-04,-40.000
7.88600E-04,0.000
7.88800E-04,-40.000
7.89000E-04,0.000
7.89200E-04,-40.000
7.89400E-04,0.000
7.89600E-04,-40.000
7.89800E-04,0.000
7.90000E-04,-40.000
7.90200E-04,-40.000
7.90400E-04,3280.000
7.90600E-04,3280.000
7.90800E-04,3320.000
7.91000E-04,3360.000
7.91200E-04,3280.000
7.91400E-04,3280.000
7.91600E-04,3280.000
7.91800E-04,3320.000
7.92000E-04,3280.000
7.92200E-04,3320.000
7.92400E-04,3240.000
7.92600E-04,3280.000
7.92800E-04,3280.000
7.93000E-04,3280.000
7.93200E-04,3280.000
7.93400E-04,3320.000
7.93600E-04,3280.000
7.93800E-04,3240.000
7.94000E-04,3280.000
7.94200E-04,3240.000
7.94400E-04,3280.000
7.94600E-04,3280.000
7.94800E-04,3280.000
7.95000E-04,3240.000
7.95200E-04,3320.000
7.95400E-04,3280.000
7.95600E-04,3320.000
7.95800E-04,3240.000
7.96000E-04,3280.000
7.96200E-04,3280.000
7.96400E-04,3320.000
7.96600E-04,3280.000
7.96800E-04,3280.000
7.97000E-04,3280.000
7.97200E-04,3320.000
7.97400E-04,3320.000
7.97600E-04,3320.000
7.97800E-04,3240.000
7.98000E-04,3280.000
7.98200E-04,3280.000
7.98400E-04,3280.000
7.98600E-04,3280.000
7.98800E-04,3280.000
7.99000E-04,3320.000
7.99200E-04,3320.000
7.99400E-04,3240.000
7.99600E-04,3240.000
7.99800E-04,3280.000
8.00000E-04,3320.000
8.00200E-04,3280.000
8.00400E-04,3240.000
8.00600E-04,3200.000
8.00800E-04,3280.000
8.01000E-04,3200.000
8.01200E-04,3280.000
8.01400E-04,3320.000
8.01600E-04,3240.000
8.01800E-04,3320.000
8.02000E-04,3240.000
8.02200E-04,3280.000
8.02400E-04,3280.000
8.02600E-04,3280.000
8.02800E-04,3280.000
8.03000E-04,3280.000
8.03200E-04,3280.000
8.03400E-04,3320.000
8.03600E-04,3280.000
8.03800E-04,3280.000
8.04000E-04,3280.000
8.04200E-04,3280.000
8.04400E-04,3280.000
8.04600E-04,3280.000
8.04800E-04,3320.000
8.05000E-04,3280.000
8.05200E-04,3280.000
8.05400E-04,3320.000
8.05600E-04,3280.000
8.05800E-04,3280.000
8.06000E-04,3280.000
8.06200E-04,3280.000
8.06400E-04,3280.000
8.06600E-04,3280.000
8.06800E-04,3320.000
8.07000E-04,3280.000
8.07200E-04,3320.000
8.07400E-04,3280.000
8.07600E-04,3240.000
8.07800E-04,-80.000
8.08000E-04,-80.000
8.08200E-04,-40.000
8.08400E-04,-80.000
8.08600E-04,-40.000
8.08800E-04,-80.000
8.09000E-04,-40.000
8.09200E-04,-80.000
8.09400E-04,-40.000
8.09600E-04,-40.000
8.09800E-04,-80.000
8.10000E-04,-40.000
8.10200E-04,-40.000
8.10400E-04,-80.000
8.10600E-04,-80.000
8.10800E-04,-40.000
8.11000E-04,-40.000
8.11200E-04,-40.000
8.11400E-04,-40.000
8.11600E-04,-80.000
8.11800E-04,-40.000
8.12000E-04,0.000
8.12200E-04,-40.000
8.12400E-04,0.000
8.12600E-04,0.000
8.12800E-04,-40.000
